2026-10-06T14:35:00.0928471Z Current runner version: '2.337.0'
2026-10-06T14:35:00.0948743Z ##[group]Runner Image Provisioner
2026-10-06T14:35:00.0949327Z Hosted Compute Agent
2026-10-06T14:35:00.0949666Z Version: 20260901.588
2026-10-06T14:35:00.0950041Z Commit: f88ec8081b781fac6c440065ac7ff9e710ce3d0b
2026-10-06T14:35:00.0950463Z Build Date: 2026-09-01T19:56:44Z
2026-10-06T14:35:00.0950840Z Worker ID: {f11f4762-f58f-4372-9267-9dc4aab36102}
2026-10-06T14:35:00.0951263Z Azure Region: centralus
2026-10-06T14:35:00.0951604Z ##[endgroup]
2026-10-06T14:35:00.0952384Z ##[group]Operating System
2026-10-06T14:35:00.0952747Z Microsoft Windows Server 2025
2026-10-06T14:35:00.0953088Z 10.0.26100
2026-10-06T14:35:00.0953408Z Datacenter
2026-10-06T14:35:00.0953717Z ##[endgroup]
2026-10-06T14:35:00.0954056Z ##[group]Runner Image
2026-10-06T14:35:00.0954412Z Image: windows-2025-vs2026
2026-10-06T14:35:00.0954759Z Version: 20260925.250.1
2026-10-06T14:35:00.0955697Z Included Software: https://github.com/actions/runner-images/blob/win25-vs2026/20260925.250/images/windows/Windows2025-VS2026-Readme.md
2026-10-06T14:35:00.0956650Z Image Release: https://github.com/actions/runner-images/releases/tag/win25-vs2026%2F20260925.250
2026-10-06T14:35:00.0957220Z ##[endgroup]
2026-10-06T14:35:00.0957916Z ##[group]GITHUB_TOKEN Permissions
2026-10-06T14:35:00.0959169Z Contents: read
2026-10-06T14:35:00.0959498Z Metadata: read
2026-10-06T14:35:00.0959859Z Packages: read
2026-10-06T14:35:00.0960176Z ##[endgroup]
2026-10-06T14:35:00.0961686Z Secret source: Actions
2026-10-06T14:35:00.0962390Z Cache mode: write
2026-10-06T14:35:00.0963251Z Prepare workflow directory
2026-10-06T14:35:00.1275718Z Prepare all required actions
2026-10-06T14:35:00.1309658Z Getting action download info
2026-10-06T14:35:00.3885009Z Download action repository 'actions/checkout@v7' (SHA:3d3c42e5aac5ba805825da76410c181273ba90b1)
2026-10-06T14:35:00.4777263Z Download action repository 'astral-sh/setup-uv@v10.2.0' (SHA:c18668ad3cf93ea998bef934396af7bb5c839dc7)
2026-10-06T14:35:00.9572301Z Complete job name: test (windows-latest, --extra cpu)
2026-10-06T14:35:01.0642883Z ##[group]Run git config --global core.longpaths true
2026-10-06T14:35:01.0643459Z [36;1mgit config --global core.longpaths true[0m
2026-10-06T14:35:01.1381184Z shell: C:\Program Files\PowerShell\7\pwsh.EXE -command ". '{0}'"
2026-10-06T14:35:01.1381810Z env:
2026-10-06T14:35:01.1382037Z   PYTHONUTF8: 1
2026-10-06T14:35:01.1382267Z ##[endgroup]
2026-10-06T14:35:01.9749472Z ##[group]Run actions/checkout@v7
2026-10-06T14:35:01.9750021Z with:
2026-10-06T14:35:01.9750376Z   repository: birdhackor/tiny-perceptron-vlm
2026-10-06T14:35:01.9752939Z   token: ***
2026-10-06T14:35:01.9753255Z   ssh-strict: true
2026-10-06T14:35:01.9753570Z   ssh-user: git
2026-10-06T14:35:01.9753876Z   persist-credentials: true
2026-10-06T14:35:01.9754270Z   clean: true
2026-10-06T14:35:01.9754596Z   sparse-checkout-cone-mode: true
2026-10-06T14:35:01.9754970Z   fetch-depth: 1
2026-10-06T14:35:01.9755289Z   fetch-tags: false
2026-10-06T14:35:01.9755621Z   show-progress: true
2026-10-06T14:35:01.9755950Z   lfs: false
2026-10-06T14:35:01.9756250Z   submodules: false
2026-10-06T14:35:01.9756578Z   set-safe-directory: true
2026-10-06T14:35:01.9756966Z   allow-unsafe-pr-checkout: false
2026-10-06T14:35:01.9757346Z env:
2026-10-06T14:35:01.9757666Z   PYTHONUTF8: 1
2026-10-06T14:35:01.9757987Z ##[endgroup]
2026-10-06T14:35:02.0827515Z Syncing repository: birdhackor/tiny-perceptron-vlm
2026-10-06T14:35:02.0828844Z ##[group]Getting Git version info
2026-10-06T14:35:02.0829380Z Working directory is 'D:\a\tiny-perceptron-vlm\tiny-perceptron-vlm'
2026-10-06T14:35:02.1337366Z [command]"C:\Program Files\Git\bin\git.exe" version
2026-10-06T14:35:02.1546049Z git version 2.55.0.windows.5
2026-10-06T14:35:02.1579231Z ##[endgroup]
2026-10-06T14:35:02.1587350Z Copying 'C:\Users\runneradmin\.gitconfig' to 'D:\a\_temp\a1e23e68-9c54-4e35-b734-1b2f88ef77d3\.gitconfig'
2026-10-06T14:35:02.1602273Z Temporarily overriding HOME='D:\a\_temp\a1e23e68-9c54-4e35-b734-1b2f88ef77d3' before making global git config changes
2026-10-06T14:35:02.1605028Z Adding repository directory to the temporary git global config as a safe directory
2026-10-06T14:35:02.1609822Z [command]"C:\Program Files\Git\bin\git.exe" config --global --add safe.directory D:\a\tiny-perceptron-vlm\tiny-perceptron-vlm
2026-10-06T14:35:02.1828040Z Deleting the contents of 'D:\a\tiny-perceptron-vlm\tiny-perceptron-vlm'
2026-10-06T14:35:02.1831802Z ##[group]Determining repository object format
2026-10-06T14:35:02.1833261Z ##[endgroup]
2026-10-06T14:35:02.1833816Z ##[group]Initializing the repository
2026-10-06T14:35:02.1839387Z [command]"C:\Program Files\Git\bin\git.exe" init D:\a\tiny-perceptron-vlm\tiny-perceptron-vlm
2026-10-06T14:35:02.2685242Z Initialized empty Git repository in D:/a/tiny-perceptron-vlm/tiny-perceptron-vlm/.git/
2026-10-06T14:35:02.2724664Z [command]"C:\Program Files\Git\bin\git.exe" remote add origin https://github.com/birdhackor/tiny-perceptron-vlm
2026-10-06T14:35:02.3294483Z ##[endgroup]
2026-10-06T14:35:02.3295119Z ##[group]Disabling automatic garbage collection
2026-10-06T14:35:02.3360634Z [command]"C:\Program Files\Git\bin\git.exe" config --local gc.auto 0
2026-10-06T14:35:02.3533158Z ##[endgroup]
2026-10-06T14:35:02.3534266Z ##[group]Setting up auth
2026-10-06T14:35:02.3534645Z Removing SSH command configuration
2026-10-06T14:35:02.3542673Z [command]"C:\Program Files\Git\bin\git.exe" config --local --name-only --get-regexp core\.sshCommand
2026-10-06T14:35:02.3761865Z [command]"C:\Program Files\Git\bin\git.exe" submodule foreach --recursive "sh -c \"git config --local --name-only --get-regexp 'core\.sshCommand' && git config --local --unset-all 'core.sshCommand' || :\""
2026-10-06T14:35:03.8427838Z Removing HTTP extra header
2026-10-06T14:35:03.8436508Z [command]"C:\Program Files\Git\bin\git.exe" config --local --name-only --get-regexp http\.https\:\/\/github\.com\/\.extraheader
2026-10-06T14:35:03.8685090Z [command]"C:\Program Files\Git\bin\git.exe" submodule foreach --recursive "sh -c \"git config --local --name-only --get-regexp 'http\.https\:\/\/github\.com\/\.extraheader' && git config --local --unset-all 'http.https://github.com/.extraheader' || :\""
2026-10-06T14:35:04.3105613Z Removing includeIf entries pointing to credentials config files
2026-10-06T14:35:04.3116862Z [command]"C:\Program Files\Git\bin\git.exe" config --local --name-only --get-regexp ^includeIf\.gitdir:
2026-10-06T14:35:04.3346812Z [command]"C:\Program Files\Git\bin\git.exe" submodule foreach --recursive "git config --local --show-origin --name-only --get-regexp remote.origin.url"
2026-10-06T14:35:04.7693512Z [command]"C:\Program Files\Git\bin\git.exe" config --file D:\a\_temp\git-credentials-6993d2cd-e783-4597-b17c-c632380a7cac.config http.https://github.com/.extraheader "AUTHORIZATION: basic ***"
2026-10-06T14:35:04.7944453Z [command]"C:\Program Files\Git\bin\git.exe" config --local includeIf.gitdir:D:/a/tiny-perceptron-vlm/tiny-perceptron-vlm/.git.path D:\a\_temp\git-credentials-6993d2cd-e783-4597-b17c-c632380a7cac.config
2026-10-06T14:35:04.8184954Z [command]"C:\Program Files\Git\bin\git.exe" config --local includeIf.gitdir:D:/a/tiny-perceptron-vlm/tiny-perceptron-vlm/.git/worktrees/*.path D:\a\_temp\git-credentials-6993d2cd-e783-4597-b17c-c632380a7cac.config
2026-10-06T14:35:04.8475653Z [command]"C:\Program Files\Git\bin\git.exe" config --local includeIf.gitdir:/github/workspace/.git.path /github/runner_temp/git-credentials-6993d2cd-e783-4597-b17c-c632380a7cac.config
2026-10-06T14:35:04.8717603Z [command]"C:\Program Files\Git\bin\git.exe" config --local includeIf.gitdir:/github/workspace/.git/worktrees/*.path /github/runner_temp/git-credentials-6993d2cd-e783-4597-b17c-c632380a7cac.config
2026-10-06T14:35:04.8939958Z ##[endgroup]
2026-10-06T14:35:04.8940280Z ##[group]Fetching the repository
2026-10-06T14:35:04.8949490Z [command]"C:\Program Files\Git\bin\git.exe" -c protocol.version=2 fetch --no-tags --prune --no-recurse-submodules --depth=1 origin +77d0589887847777d85aebdbc5b74351f12237b0:refs/remotes/origin/main
2026-10-06T14:35:19.2169107Z From https://github.com/birdhackor/tiny-perceptron-vlm
2026-10-06T14:35:19.2169753Z  * [new ref]           77d0589887847777d85aebdbc5b74351f12237b0 -> origin/main
2026-10-06T14:35:19.2222464Z [command]"C:\Program Files\Git\bin\git.exe" branch --list --remote origin/main
2026-10-06T14:35:19.2570385Z   origin/main
2026-10-06T14:35:19.2606165Z [command]"C:\Program Files\Git\bin\git.exe" rev-parse refs/remotes/origin/main
2026-10-06T14:35:19.2845919Z 77d0589887847777d85aebdbc5b74351f12237b0
2026-10-06T14:35:19.2882376Z ##[endgroup]
2026-10-06T14:35:19.2882805Z ##[group]Determining the checkout info
2026-10-06T14:35:19.2883523Z ##[endgroup]
2026-10-06T14:35:19.2892339Z [command]"C:\Program Files\Git\bin\git.exe" sparse-checkout disable
2026-10-06T14:35:19.3299591Z [command]"C:\Program Files\Git\bin\git.exe" config --local --unset-all extensions.worktreeConfig
2026-10-06T14:35:19.3546720Z ##[group]Checking out the ref
2026-10-06T14:35:19.3554221Z [command]"C:\Program Files\Git\bin\git.exe" checkout --progress --force -B main refs/remotes/origin/main
2026-10-06T14:35:21.0511086Z Updating files:   0% (29/45419)
2026-10-06T14:35:21.1423604Z Updating files:   1% (455/45419)
2026-10-06T14:35:21.2823208Z Updating files:   2% (909/45419)
2026-10-06T14:35:21.4189696Z Updating files:   3% (1363/45419)
2026-10-06T14:35:21.4395885Z Updating files:   4% (1817/45419)
2026-10-06T14:35:21.6102605Z Updating files:   4% (1865/45419)
2026-10-06T14:35:22.4075032Z Updating files:   5% (2271/45419)
2026-10-06T14:35:22.4547572Z Updating files:   6% (2726/45419)
2026-10-06T14:35:22.4641942Z Updating files:   6% (3099/45419)
2026-10-06T14:35:22.5152430Z Updating files:   7% (3180/45419)
2026-10-06T14:35:22.5980344Z Updating files:   8% (3634/45419)
2026-10-06T14:35:22.7464217Z Updating files:   9% (4088/45419)
2026-10-06T14:35:22.7952221Z Updating files:  10% (4542/45419)
2026-10-06T14:35:22.9220693Z Updating files:  11% (4997/45419)
2026-10-06T14:35:23.0197862Z Updating files:  12% (5451/45419)
2026-10-06T14:35:23.1415874Z Updating files:  13% (5905/45419)
2026-10-06T14:35:23.2388470Z Updating files:  14% (6359/45419)
2026-10-06T14:35:23.8940549Z Updating files:  15% (6813/45419)
2026-10-06T14:35:23.9412394Z Updating files:  15% (7114/45419)
2026-10-06T14:35:24.0632536Z Updating files:  16% (7268/45419)
2026-10-06T14:35:24.1454693Z Updating files:  17% (7722/45419)
2026-10-06T14:35:24.2482033Z Updating files:  18% (8176/45419)
2026-10-06T14:35:24.3366381Z Updating files:  19% (8630/45419)
2026-10-06T14:35:24.4107379Z Updating files:  20% (9084/45419)
2026-10-06T14:35:24.4727896Z Updating files:  21% (9538/45419)
2026-10-06T14:35:24.4896286Z Updating files:  21% (9882/45419)
2026-10-06T14:35:24.5711413Z Updating files:  22% (9993/45419)
2026-10-06T14:35:25.1394969Z Updating files:  23% (10447/45419)
2026-10-06T14:35:25.2055774Z Updating files:  24% (10901/45419)
2026-10-06T14:35:25.2769846Z Updating files:  25% (11355/45419)
2026-10-06T14:35:25.3393710Z Updating files:  26% (11809/45419)
2026-10-06T14:35:25.4109787Z Updating files:  27% (12264/45419)
2026-10-06T14:35:25.4787441Z Updating files:  28% (12718/45419)
2026-10-06T14:35:25.6959125Z Updating files:  28% (12862/45419)
2026-10-06T14:35:25.9087133Z Updating files:  29% (13172/45419)
2026-10-06T14:35:26.2807282Z Updating files:  30% (13626/45419)
2026-10-06T14:35:26.4796235Z Updating files:  31% (14080/45419)
2026-10-06T14:35:26.5449933Z Updating files:  31% (14395/45419)
2026-10-06T14:35:26.7672254Z Updating files:  32% (14535/45419)
2026-10-06T14:35:27.0815570Z Updating files:  33% (14989/45419)
2026-10-06T14:35:27.1858902Z Updating files:  34% (15443/45419)
2026-10-06T14:35:27.2603492Z Updating files:  35% (15897/45419)
2026-10-06T14:35:27.3417227Z Updating files:  36% (16351/45419)
2026-10-06T14:35:27.4853520Z Updating files:  37% (16806/45419)
2026-10-06T14:35:27.5048595Z Updating files:  37% (17153/45419)
2026-10-06T14:35:27.5918498Z Updating files:  38% (17260/45419)
2026-10-06T14:35:27.6732808Z Updating files:  39% (17714/45419)
2026-10-06T14:35:27.8267549Z Updating files:  40% (18168/45419)
2026-10-06T14:35:27.8948962Z Updating files:  41% (18622/45419)
2026-10-06T14:35:27.9529157Z Updating files:  42% (19076/45419)
2026-10-06T14:35:28.0140730Z Updating files:  43% (19531/45419)
2026-10-06T14:35:28.0788192Z Updating files:  44% (19985/45419)
2026-10-06T14:35:28.1526665Z Updating files:  45% (20439/45419)
2026-10-06T14:35:28.2160533Z Updating files:  46% (20893/45419)
2026-10-06T14:35:28.2768126Z Updating files:  47% (21347/45419)
2026-10-06T14:35:28.3373161Z Updating files:  48% (21802/45419)
2026-10-06T14:35:28.4083405Z Updating files:  49% (22256/45419)
2026-10-06T14:35:28.4861749Z Updating files:  50% (22710/45419)
2026-10-06T14:35:28.4908393Z Updating files:  51% (23164/45419)
2026-10-06T14:35:28.7383694Z Updating files:  51% (23188/45419)
2026-10-06T14:35:28.9739816Z Updating files:  52% (23618/45419)
2026-10-06T14:35:29.1647158Z Updating files:  53% (24073/45419)
2026-10-06T14:35:29.3452240Z Updating files:  54% (24527/45419)
2026-10-06T14:35:29.4925928Z Updating files:  55% (24981/45419)
2026-10-06T14:35:29.5044084Z Updating files:  55% (25388/45419)
2026-10-06T14:35:29.7221500Z Updating files:  56% (25435/45419)
2026-10-06T14:35:29.8334124Z Updating files:  57% (25889/45419)
2026-10-06T14:35:29.9222698Z Updating files:  58% (26344/45419)
2026-10-06T14:35:29.9969832Z Updating files:  59% (26798/45419)
2026-10-06T14:35:30.0690714Z Updating files:  60% (27252/45419)
2026-10-06T14:35:30.1436040Z Updating files:  61% (27706/45419)
2026-10-06T14:35:30.6701669Z Updating files:  62% (28160/45419)
2026-10-06T14:35:30.7983500Z Updating files:  62% (28192/45419)
2026-10-06T14:35:30.9360478Z Updating files:  63% (28614/45419)
2026-10-06T14:35:31.0861541Z Updating files:  64% (29069/45419)
2026-10-06T14:35:31.2742434Z Updating files:  65% (29523/45419)
2026-10-06T14:35:31.4114300Z Updating files:  66% (29977/45419)
2026-10-06T14:35:31.5008029Z Updating files:  67% (30431/45419)
2026-10-06T14:35:31.5527378Z Updating files:  67% (30762/45419)
2026-10-06T14:35:31.9978020Z Updating files:  68% (30885/45419)
2026-10-06T14:35:32.2240772Z Updating files:  69% (31340/45419)
2026-10-06T14:35:32.4455386Z Updating files:  70% (31794/45419)
2026-10-06T14:35:32.5143032Z Updating files:  71% (32248/45419)
2026-10-06T14:35:32.6072314Z Updating files:  71% (32358/45419)
2026-10-06T14:35:32.8475740Z Updating files:  72% (32702/45419)
2026-10-06T14:35:33.0072410Z Updating files:  73% (33156/45419)
2026-10-06T14:35:33.4356732Z Updating files:  74% (33611/45419)
2026-10-06T14:35:33.5108079Z Updating files:  75% (34065/45419)
2026-10-06T14:35:33.6142826Z Updating files:  75% (34310/45419)
2026-10-06T14:35:33.9854923Z Updating files:  76% (34519/45419)
2026-10-06T14:35:34.2091381Z Updating files:  77% (34973/45419)
2026-10-06T14:35:34.5382717Z Updating files:  78% (35427/45419)
2026-10-06T14:35:35.0272019Z Updating files:  78% (35868/45419)
2026-10-06T14:35:35.1923824Z Updating files:  79% (35882/45419)
2026-10-06T14:35:35.3062426Z Updating files:  80% (36336/45419)
2026-10-06T14:35:35.5236164Z Updating files:  81% (36790/45419)
2026-10-06T14:35:35.5255077Z Updating files:  82% (37244/45419)
2026-10-06T14:35:35.6853288Z Updating files:  82% (37253/45419)
2026-10-06T14:35:36.3728387Z Updating files:  83% (37698/45419)
2026-10-06T14:35:36.5290617Z Updating files:  84% (38152/45419)
2026-10-06T14:35:36.6104829Z Updating files:  84% (38372/45419)
2026-10-06T14:35:36.7872658Z Updating files:  85% (38607/45419)
2026-10-06T14:35:36.9002903Z Updating files:  86% (39061/45419)
2026-10-06T14:35:37.0428353Z Updating files:  87% (39515/45419)
2026-10-06T14:35:37.1824387Z Updating files:  88% (39969/45419)
2026-10-06T14:35:37.3935210Z Updating files:  89% (40423/45419)
2026-10-06T14:35:37.7370678Z Updating files:  90% (40878/45419)
2026-10-06T14:35:37.8309608Z Updating files:  90% (40971/45419)
2026-10-06T14:35:38.0090647Z Updating files:  91% (41332/45419)
2026-10-06T14:35:38.1663604Z Updating files:  92% (41786/45419)
2026-10-06T14:35:38.3193580Z Updating files:  93% (42240/45419)
2026-10-06T14:35:38.4879427Z Updating files:  94% (42694/45419)
2026-10-06T14:35:38.5326487Z Updating files:  95% (43149/45419)
2026-10-06T14:35:38.6144189Z Updating files:  95% (43375/45419)
2026-10-06T14:35:38.7542791Z Updating files:  96% (43603/45419)
2026-10-06T14:35:39.6638845Z Updating files:  97% (44057/45419)
2026-10-06T14:35:39.7278422Z Updating files:  97% (44206/45419)
2026-10-06T14:35:39.8885763Z Updating files:  98% (44511/45419)
2026-10-06T14:35:39.9751681Z Updating files:  99% (44965/45419)
2026-10-06T14:35:39.9752010Z Updating files: 100% (45419/45419)
2026-10-06T14:35:39.9752282Z Updating files: 100% (45419/45419), done.
2026-10-06T14:35:40.0328932Z Switched to a new branch 'main'
2026-10-06T14:35:40.0339651Z branch 'main' set up to track 'origin/main'.
2026-10-06T14:35:40.5925805Z ##[endgroup]
2026-10-06T14:35:40.6210973Z [command]"C:\Program Files\Git\bin\git.exe" log -1 --format=%H
2026-10-06T14:35:40.6433998Z 77d0589887847777d85aebdbc5b74351f12237b0
2026-10-06T14:35:40.6832297Z ##[group]Run astral-sh/setup-uv@v10.2.0
2026-10-06T14:35:40.6832581Z with:
2026-10-06T14:35:40.6832717Z   activate-environment: false
2026-10-06T14:35:40.6832876Z   no-project: false
2026-10-06T14:35:40.6833068Z   working-directory: D:\a\tiny-perceptron-vlm\tiny-perceptron-vlm
2026-10-06T14:35:40.6834628Z   github-token: ***
2026-10-06T14:35:40.6834757Z   enable-cache: auto
2026-10-06T14:35:40.6835086Z   cache-dependency-glob: **/*requirements*.txt
**/*requirements*.in
**/*constraints*.txt
**/*constraints*.in
**/pyproject.toml
**/uv.lock
**/*.py.lock

2026-10-06T14:35:40.6835443Z   restore-cache: true
2026-10-06T14:35:40.6835566Z   save-cache: auto
2026-10-06T14:35:40.6835690Z   prune-cache: false
2026-10-06T14:35:40.6835817Z   cache-python: false
2026-10-06T14:35:40.6835955Z   ignore-nothing-to-cache: false
2026-10-06T14:35:40.6836113Z   ignore-empty-workdir: false
2026-10-06T14:35:40.6836302Z   download-from-astral-mirror: true
2026-10-06T14:35:40.6836507Z   add-problem-matchers: true
2026-10-06T14:35:40.6836704Z   quiet: false
2026-10-06T14:35:40.6836836Z   resolution-strategy: highest
2026-10-06T14:35:40.6836978Z env:
2026-10-06T14:35:40.6837083Z   PYTHONUTF8: 1
2026-10-06T14:35:40.6837203Z ##[endgroup]
2026-10-06T14:35:40.8420929Z Trying to find version for uv in: D:\a\tiny-perceptron-vlm\tiny-perceptron-vlm\uv.toml
2026-10-06T14:35:40.8421471Z Could not find file: D:\a\tiny-perceptron-vlm\tiny-perceptron-vlm\uv.toml
2026-10-06T14:35:40.8421956Z Trying to find version for uv in: D:\a\tiny-perceptron-vlm\tiny-perceptron-vlm\pyproject.toml
2026-10-06T14:35:40.8427514Z Could not determine uv version from uv.toml or pyproject.toml. Falling back to latest.
2026-10-06T14:35:40.8430877Z Fetching manifest data from https://raw.githubusercontent.com/astral-sh/versions/main/v1/uv.ndjson ...
2026-10-06T14:35:40.9290035Z Downloading uv from "https://releases.astral.sh/github/uv/releases/download/0.12.23/uv-x86_64-pc-windows-msvc.zip" ...
2026-10-06T14:35:41.6025203Z [command]C:\Windows\system32\tar.exe x -C D:\a\_temp\0cd23b4a-175b-4817-a4e0-b9b4ce028345 -f D:\a\_temp\d8e9d437-d5d3-4895-9157-36d1fb8d56c3
2026-10-06T14:35:41.7552489Z Set UV_TOOL_BIN_DIR to D:\a\_temp\uv-tool-bin-dir
2026-10-06T14:35:41.7555538Z Added D:\a\_temp\uv-tool-bin-dir to the path
2026-10-06T14:35:41.7562505Z Added C:\hostedtoolcache\windows\uv\0.12.23\x86_64 to the path
2026-10-06T14:35:41.7564312Z Set UV_TOOL_DIR to D:\a\_temp\uv-tool-dir
2026-10-06T14:35:41.7566440Z Set UV_PYTHON_INSTALL_DIR to D:\a\_temp\uv-python-dir
2026-10-06T14:35:41.7567897Z Added D:\a\_temp\uv-python-dir to the path
2026-10-06T14:35:41.7591795Z Set UV_CACHE_DIR to D:\a\_temp\setup-uv-cache
2026-10-06T14:35:41.7592039Z Successfully installed uv version 0.12.23
2026-10-06T14:35:44.2869975Z Searching files using cache dependency glob: D:\a\tiny-perceptron-vlm\tiny-perceptron-vlm\**\*requirements*.txt,D:\a\tiny-perceptron-vlm\tiny-perceptron-vlm\**\*requirements*.in,D:\a\tiny-perceptron-vlm\tiny-perceptron-vlm\**\*constraints*.txt,D:\a\tiny-perceptron-vlm\tiny-perceptron-vlm\**\*constraints*.in,D:\a\tiny-perceptron-vlm\tiny-perceptron-vlm\**\pyproject.toml,D:\a\tiny-perceptron-vlm\tiny-perceptron-vlm\**\uv.lock,D:\a\tiny-perceptron-vlm\tiny-perceptron-vlm\**\*.py.lock
2026-10-06T14:35:46.0078997Z D:\a\tiny-perceptron-vlm\tiny-perceptron-vlm\docs\technical-reviews\artifacts\20261005-19_1-factual\repository-snapshots\pyproject.toml
2026-10-06T14:35:46.0109279Z D:\a\tiny-perceptron-vlm\tiny-perceptron-vlm\docs\technical-reviews\artifacts\20261005-19_1-factual\repository-snapshots\uv.lock
2026-10-06T14:35:46.3081968Z D:\a\tiny-perceptron-vlm\tiny-perceptron-vlm\docs\technical-reviews\artifacts\natural-final-fact-20.8-student-requirements-natural.txt
2026-10-06T14:35:46.5730468Z D:\a\tiny-perceptron-vlm\tiny-perceptron-vlm\docs\technical-reviews\artifacts\p6-19.1\evidence\code-excerpts\pyproject.toml
2026-10-06T14:35:46.5815143Z D:\a\tiny-perceptron-vlm\tiny-perceptron-vlm\docs\technical-reviews\artifacts\p6-19.1\inputs\source-opaque\pyproject.toml
2026-10-06T14:35:46.6019502Z D:\a\tiny-perceptron-vlm\tiny-perceptron-vlm\docs\technical-reviews\artifacts\p6-19.11\inputs\pyproject.toml
2026-10-06T14:35:46.6040511Z D:\a\tiny-perceptron-vlm\tiny-perceptron-vlm\docs\technical-reviews\artifacts\p6-19.11\inputs\uv.lock
2026-10-06T14:35:46.6300524Z D:\a\tiny-perceptron-vlm\tiny-perceptron-vlm\docs\technical-reviews\artifacts\p6-19.4\inputs\pyproject.toml
2026-10-06T14:35:46.6321192Z D:\a\tiny-perceptron-vlm\tiny-perceptron-vlm\docs\technical-reviews\artifacts\p6-19.4\inputs\uv.lock
2026-10-06T14:35:46.7094716Z D:\a\tiny-perceptron-vlm\tiny-perceptron-vlm\docs\technical-reviews\artifacts\p6-public-a\repository-input\pyproject.toml
2026-10-06T14:35:46.7104282Z D:\a\tiny-perceptron-vlm\tiny-perceptron-vlm\docs\technical-reviews\artifacts\p6-public-a\repository-input\requirements-natural.txt
2026-10-06T14:35:46.7148100Z D:\a\tiny-perceptron-vlm\tiny-perceptron-vlm\docs\technical-reviews\artifacts\p6-public-a\repository-input\uv.lock
2026-10-06T14:35:46.7201905Z D:\a\tiny-perceptron-vlm\tiny-perceptron-vlm\docs\technical-reviews\artifacts\p6-public-b\code-snapshots\pyproject.toml
2026-10-06T14:35:46.7319672Z D:\a\tiny-perceptron-vlm\tiny-perceptron-vlm\docs\technical-reviews\artifacts\p6-R.4\inputs\pyproject.toml
2026-10-06T14:35:46.7372283Z D:\a\tiny-perceptron-vlm\tiny-perceptron-vlm\docs\technical-reviews\artifacts\p6-T.11\code\pyproject.toml
2026-10-06T14:35:46.7652340Z D:\a\tiny-perceptron-vlm\tiny-perceptron-vlm\docs\technical-reviews\artifacts\p6-W.1\inputs\pyproject.toml
2026-10-06T14:35:46.7667118Z D:\a\tiny-perceptron-vlm\tiny-perceptron-vlm\docs\technical-reviews\artifacts\p6-W.1\inputs\uv.lock
2026-10-06T14:35:47.4155972Z D:\a\tiny-perceptron-vlm\tiny-perceptron-vlm\docs\technical-reviews\artifacts\phase4-20261005-w_1-factual-independent\frozen\pyproject.toml
2026-10-06T14:35:47.4172096Z D:\a\tiny-perceptron-vlm\tiny-perceptron-vlm\docs\technical-reviews\artifacts\phase4-20261005-w_1-factual-independent\frozen\uv.lock
2026-10-06T14:35:47.4372049Z D:\a\tiny-perceptron-vlm\tiny-perceptron-vlm\docs\technical-reviews\artifacts\phase4-20261006-w_1-dependency-callback\current\pyproject.toml
2026-10-06T14:35:47.4649006Z D:\a\tiny-perceptron-vlm\tiny-perceptron-vlm\docs\technical-reviews\artifacts\phase4-20_2-factual-independent\pinned\requirements-natural.txt
2026-10-06T14:35:47.5463610Z D:\a\tiny-perceptron-vlm\tiny-perceptron-vlm\docs\technical-reviews\artifacts\phase4-4_6-independent\original\pyproject.toml
2026-10-06T14:35:47.5801419Z D:\a\tiny-perceptron-vlm\tiny-perceptron-vlm\docs\technical-reviews\artifacts\phase4-5_11-independent\inputs\pyproject.toml
2026-10-06T14:35:47.6030235Z D:\a\tiny-perceptron-vlm\tiny-perceptron-vlm\docs\technical-reviews\artifacts\phase4-5_14-independent\inputs\pyproject.toml
2026-10-06T14:35:47.7169055Z D:\a\tiny-perceptron-vlm\tiny-perceptron-vlm\docs\technical-reviews\artifacts\phase4-6_8-independent\inputs\current\pyproject.toml
2026-10-06T14:35:47.7272227Z D:\a\tiny-perceptron-vlm\tiny-perceptron-vlm\docs\technical-reviews\artifacts\phase4-6_9-independent\inputs\current\pyproject.toml
2026-10-06T14:35:47.7966246Z D:\a\tiny-perceptron-vlm\tiny-perceptron-vlm\docs\technical-reviews\artifacts\phase4-7_2-independent\inputs\pyproject.toml
2026-10-06T14:35:47.8072206Z D:\a\tiny-perceptron-vlm\tiny-perceptron-vlm\docs\technical-reviews\artifacts\phase4-7_4-independent\inputs\pyproject.toml
2026-10-06T14:35:47.8171527Z D:\a\tiny-perceptron-vlm\tiny-perceptron-vlm\docs\technical-reviews\artifacts\phase4-7_5-independent\inputs\pyproject.toml
2026-10-06T14:35:47.8272636Z D:\a\tiny-perceptron-vlm\tiny-perceptron-vlm\docs\technical-reviews\artifacts\phase4-7_6-independent\inputs\pyproject.toml
2026-10-06T14:35:47.8346809Z D:\a\tiny-perceptron-vlm\tiny-perceptron-vlm\docs\technical-reviews\artifacts\phase4-7_7-independent\inputs\pyproject.toml
2026-10-06T14:35:47.9281130Z D:\a\tiny-perceptron-vlm\tiny-perceptron-vlm\docs\technical-reviews\artifacts\phase4-9_10-independent\stopped-original-execution\workspace\pyproject.toml
2026-10-06T14:35:48.1013082Z D:\a\tiny-perceptron-vlm\tiny-perceptron-vlm\docs\technical-reviews\artifacts\phase4-r_4-factual-independent-20261005\inputs\pyproject.toml
2026-10-06T14:35:48.1736336Z D:\a\tiny-perceptron-vlm\tiny-perceptron-vlm\docs\technical-reviews\artifacts\phase4-W7-factual-independent-20261005\code\pyproject.toml
2026-10-06T14:35:48.2880661Z D:\a\tiny-perceptron-vlm\tiny-perceptron-vlm\pyproject.toml
2026-10-06T14:35:48.2888768Z D:\a\tiny-perceptron-vlm\tiny-perceptron-vlm\requirements-natural.txt
2026-10-06T14:35:48.3011041Z D:\a\tiny-perceptron-vlm\tiny-perceptron-vlm\uv.lock
2026-10-06T14:35:48.3030982Z Found 37 files to hash.
2026-10-06T14:35:48.3040029Z Trying to restore cache from GitHub Actions cache with key: setup-uv-2-x86_64-pc-windows-msvc-windows-2025-3.13.15-b8edb2d3b778ff72c75e2002ff3529782d05f5f8b258f96ae1496f433ac6041b
2026-10-06T14:35:48.5416477Z No GitHub Actions cache found for key: setup-uv-2-x86_64-pc-windows-msvc-windows-2025-3.13.15-b8edb2d3b778ff72c75e2002ff3529782d05f5f8b258f96ae1496f433ac6041b
2026-10-06T14:35:48.6933734Z ##[group]Run uv sync --extra cpu
2026-10-06T14:35:48.6934067Z [36;1muv sync --extra cpu[0m
2026-10-06T14:35:48.6987268Z shell: C:\Program Files\PowerShell\7\pwsh.EXE -command ". '{0}'"
2026-10-06T14:35:48.6987481Z env:
2026-10-06T14:35:48.6987597Z   PYTHONUTF8: 1
2026-10-06T14:35:48.6987737Z   UV_TOOL_BIN_DIR: D:\a\_temp\uv-tool-bin-dir
2026-10-06T14:35:48.6987909Z   UV_TOOL_DIR: D:\a\_temp\uv-tool-dir
2026-10-06T14:35:48.6988079Z   UV_PYTHON_INSTALL_DIR: D:\a\_temp\uv-python-dir
2026-10-06T14:35:48.6988259Z   UV_CACHE_DIR: D:\a\_temp\setup-uv-cache
2026-10-06T14:35:48.6988410Z ##[endgroup]
2026-10-06T14:35:48.9209303Z Using CPython 3.13.15 interpreter at: C:\hostedtoolcache\windows\Python\3.13.15\x64\python.exe
2026-10-06T14:35:48.9209633Z Creating virtual environment at: .venv
2026-10-06T14:35:48.9546316Z Resolved 183 packages in 2ms
2026-10-06T14:35:48.9999222Z    Building tiny-perceptron-vlm @ file:///D:/a/tiny-perceptron-vlm/tiny-perceptron-vlm
2026-10-06T14:35:49.1193391Z Downloading pillow (6.9MiB)
2026-10-06T14:35:49.1201243Z Downloading tokenizers (2.7MiB)
2026-10-06T14:35:49.1218045Z Downloading sympy (6.0MiB)
2026-10-06T14:35:49.1228426Z Downloading pygments (1.2MiB)
2026-10-06T14:35:49.3009200Z Downloading hf-xet (3.8MiB)
2026-10-06T14:35:49.3013152Z Downloading numpy (12.0MiB)
2026-10-06T14:35:49.3016426Z Downloading pandas (9.2MiB)
2026-10-06T14:35:49.3065372Z Downloading networkx (2.0MiB)
2026-10-06T14:35:49.3066270Z Downloading pyarrow (26.6MiB)
2026-10-06T14:35:49.3066507Z Downloading ruff (10.1MiB)
2026-10-06T14:35:49.3066645Z Downloading torch (118.3MiB)
2026-10-06T14:35:51.6709240Z       Built tiny-perceptron-vlm @ file:///D:/a/tiny-perceptron-vlm/tiny-perceptron-vlm
2026-10-06T14:35:51.7287286Z  Downloaded pygments
2026-10-06T14:35:52.8075109Z  Downloaded torch
2026-10-06T14:35:53.6738480Z  Downloaded networkx
2026-10-06T14:35:54.3727579Z  Downloaded tokenizers
2026-10-06T14:35:56.5694386Z  Downloaded hf-xet
2026-10-06T14:35:58.4556771Z  Downloaded sympy
2026-10-06T14:35:58.9737143Z  Downloaded pillow
2026-10-06T14:36:00.9411092Z  Downloaded pandas
2026-10-06T14:36:01.1283604Z  Downloaded ruff
2026-10-06T14:36:01.4355707Z  Downloaded numpy
2026-10-06T14:36:03.0151889Z  Downloaded pyarrow
2026-10-06T14:36:03.0158013Z Prepared 56 packages in 14.05s
2026-10-06T14:36:04.3342484Z Installed 56 packages in 1.31s
2026-10-06T14:36:04.3343013Z  + aiohappyeyeballs==2.7.1
2026-10-06T14:36:04.3344023Z  + aiohttp==3.14.3
2026-10-06T14:36:04.3344804Z  + aiosignal==1.4.0
2026-10-06T14:36:04.3345563Z  + anyio==4.15.1
2026-10-06T14:36:04.3346120Z  + attrs==26.1.0
2026-10-06T14:36:04.3347207Z  + certifi==2026.7.22
2026-10-06T14:36:04.3348209Z  + cffi==2.1.1
2026-10-06T14:36:04.3348477Z  + charset-normalizer==3.5.2
2026-10-06T14:36:04.3349293Z  + click==8.5.0
2026-10-06T14:36:04.3350390Z  + colorama==0.4.6
2026-10-06T14:36:04.3352662Z  + datasets==5.0.1
2026-10-06T14:36:04.3352960Z  + dill==0.4.1
2026-10-06T14:36:04.3354151Z  + filelock==4.0.8
2026-10-06T14:36:04.3354791Z  + frozenlist==1.8.0
2026-10-06T14:36:04.3355557Z  + fsspec==2026.6.0
2026-10-06T14:36:04.3356180Z  + h11==0.16.0
2026-10-06T14:36:04.3357028Z  + hf-xet==1.6.0
2026-10-06T14:36:04.3357708Z  + httpcore==1.0.9
2026-10-06T14:36:04.3358513Z  + httpx==0.28.1
2026-10-06T14:36:04.3359307Z  + huggingface-hub==1.33.0
2026-10-06T14:36:04.3359632Z  + idna==3.20
2026-10-06T14:36:04.3361271Z  + iniconfig==2.3.0
2026-10-06T14:36:04.3361583Z  + jinja2==3.1.6
2026-10-06T14:36:04.3362538Z  + markupsafe==3.0.3
2026-10-06T14:36:04.3363153Z  + mpmath==1.3.0
2026-10-06T14:36:04.3364037Z  + multidict==6.9.1
2026-10-06T14:36:04.3364714Z  + multiprocess==0.70.19
2026-10-06T14:36:04.3365448Z  + networkx==3.7
2026-10-06T14:36:04.3366129Z  + numpy==2.5.3
2026-10-06T14:36:04.3366840Z  + packaging==26.3
2026-10-06T14:36:04.3367563Z  + pandas==3.0.6
2026-10-06T14:36:04.3368308Z  + pillow==12.3.0
2026-10-06T14:36:04.3368881Z  + pluggy==1.6.0
2026-10-06T14:36:04.3373496Z  + propcache==0.5.4
2026-10-06T14:36:04.3373777Z  + pyarrow==25.0.1
2026-10-06T14:36:04.3373950Z  + pycparser==3.0
2026-10-06T14:36:04.3374135Z  + pygments==2.21.0
2026-10-06T14:36:04.3374318Z  + pytest==9.1.1
2026-10-06T14:36:04.3374519Z  + python-dateutil==2.9.0.post0
2026-10-06T14:36:04.3374742Z  + pyyaml==6.0.3
2026-10-06T14:36:04.3374929Z  + requests==2.34.2
2026-10-06T14:36:04.3375696Z  + ruff==0.16.9
2026-10-06T14:36:04.3376489Z  + safetensors==0.8.0
2026-10-06T14:36:04.3377247Z  + setuptools==84.0.0
2026-10-06T14:36:04.3378026Z  + six==1.17.0
2026-10-06T14:36:04.3378667Z  + soundfile==0.14.0
2026-10-06T14:36:04.3379466Z  + sympy==1.14.0
2026-10-06T14:36:04.3380988Z  + tiny-perceptron-vlm==0.1.0 (from file:///D:/a/tiny-perceptron-vlm/tiny-perceptron-vlm)
2026-10-06T14:36:04.3381519Z  + tokenizers==0.23.2
2026-10-06T14:36:04.3382564Z  + torch==2.14.1+cpu
2026-10-06T14:36:04.3383403Z  + tqdm==4.70.1
2026-10-06T14:36:04.3384147Z  + typing-extensions==4.16.0
2026-10-06T14:36:04.3384785Z  + tzdata==2026.4
2026-10-06T14:36:04.3385569Z  + urllib3==2.8.0
2026-10-06T14:36:04.3386292Z  + xxhash==4.0.1
2026-10-06T14:36:04.3387063Z  + yarl==1.25.1
2026-10-06T14:36:04.4530144Z ##[group]Run uv run --extra cpu python scripts/check_env.py
2026-10-06T14:36:04.4530488Z [36;1muv run --extra cpu python scripts/check_env.py[0m
2026-10-06T14:36:04.4583440Z shell: C:\Program Files\PowerShell\7\pwsh.EXE -command ". '{0}'"
2026-10-06T14:36:04.4583657Z env:
2026-10-06T14:36:04.4583777Z   PYTHONUTF8: 1
2026-10-06T14:36:04.4583920Z   UV_TOOL_BIN_DIR: D:\a\_temp\uv-tool-bin-dir
2026-10-06T14:36:04.4584096Z   UV_TOOL_DIR: D:\a\_temp\uv-tool-dir
2026-10-06T14:36:04.4584267Z   UV_PYTHON_INSTALL_DIR: D:\a\_temp\uv-python-dir
2026-10-06T14:36:04.4584455Z   UV_CACHE_DIR: D:\a\_temp\setup-uv-cache
2026-10-06T14:36:04.4584808Z ##[endgroup]
2026-10-06T14:36:10.7200128Z python          3.13.15（D:\a\tiny-perceptron-vlm\tiny-perceptron-vlm\.venv\Scripts\python.exe）
2026-10-06T14:36:10.7200667Z os              Windows-2025Server-10.0.26100-SP0
2026-10-06T14:36:10.7200915Z torch           2.14.1+cpu
2026-10-06T14:36:10.7201104Z numpy           2.5.3
2026-10-06T14:36:10.7201405Z pillow          12.3.0
2026-10-06T14:36:10.7201573Z soundfile       0.14.0
2026-10-06T14:36:10.7201751Z tokenizers      0.23.2
2026-10-06T14:36:10.7201932Z datasets        5.0.1
2026-10-06T14:36:10.7202100Z huggingface-hub 1.33.0
2026-10-06T14:36:10.7202378Z torch.cuda      無（CPU / MPS 版）
2026-10-06T14:36:10.7202664Z device          CPU（2 執行緒）
2026-10-06T14:36:10.7202890Z compute         OK（cpu）
2026-10-06T14:36:10.7203063Z libsndfile      1.2.2
2026-10-06T14:36:10.7203385Z ffmpeg          未找到（影片階段才需要）
2026-10-06T14:36:10.7203702Z HF_ENDPOINT     未設定（使用 huggingface.co）
2026-10-06T14:36:11.1846367Z ##[group]Run uv run --extra cpu pytest --junitxml=outputs/pytest-results.xml
2026-10-06T14:36:11.1846749Z [36;1muv run --extra cpu pytest --junitxml=outputs/pytest-results.xml[0m
2026-10-06T14:36:11.1895752Z shell: C:\Program Files\PowerShell\7\pwsh.EXE -command ". '{0}'"
2026-10-06T14:36:11.1895951Z env:
2026-10-06T14:36:11.1896057Z   PYTHONUTF8: 1
2026-10-06T14:36:11.1896186Z   UV_TOOL_BIN_DIR: D:\a\_temp\uv-tool-bin-dir
2026-10-06T14:36:11.1896349Z   UV_TOOL_DIR: D:\a\_temp\uv-tool-dir
2026-10-06T14:36:11.1896511Z   UV_PYTHON_INSTALL_DIR: D:\a\_temp\uv-python-dir
2026-10-06T14:36:11.1896689Z   UV_CACHE_DIR: D:\a\_temp\setup-uv-cache
2026-10-06T14:36:11.1896835Z ##[endgroup]
2026-10-06T14:36:15.2629510Z ============================= test session starts =============================
2026-10-06T14:36:15.2629838Z platform win32 -- Python 3.13.15, pytest-9.1.1, pluggy-1.6.0
2026-10-06T14:36:15.2630070Z rootdir: D:\a\tiny-perceptron-vlm\tiny-perceptron-vlm
2026-10-06T14:36:15.2630351Z configfile: pyproject.toml
2026-10-06T14:36:15.2630490Z testpaths: tests
2026-10-06T14:36:15.2630604Z plugins: anyio-4.15.1
2026-10-06T14:36:15.2630715Z collected 1242 items
2026-10-06T14:36:15.2630791Z 
2026-10-06T14:36:15.2770428Z tests\test_application_protocols.py ...............                      [  1%]
2026-10-06T14:36:19.9252671Z tests\test_architecture_completion.py ........                           [  1%]
2026-10-06T14:36:19.9744400Z tests\test_assets.py ....                                                [  2%]
2026-10-06T14:36:20.1248914Z tests\test_audio_input.py ........                                       [  2%]
2026-10-06T14:36:20.8338409Z tests\test_capstone.py .............................                     [  5%]
2026-10-06T14:36:23.5434764Z tests\test_capstone_release.py ......................................... [  8%]
2026-10-06T14:36:23.5442559Z                                                                          [  8%]
2026-10-06T14:36:24.2338329Z tests\test_capstone_ui.py ........................                       [ 10%]
2026-10-06T14:36:27.3366154Z tests\test_check_course_models.py ......................                 [ 12%]
2026-10-06T14:36:28.9114993Z tests\test_course_adapters.py ..................                         [ 13%]
2026-10-06T14:36:28.9438015Z tests\test_course_compression.py ............                            [ 14%]
2026-10-06T14:36:29.0605839Z tests\test_course_evaluation.py ............                             [ 15%]
2026-10-06T14:36:29.0662478Z tests\test_course_evidence.py ...                                        [ 15%]
2026-10-06T14:36:29.0870816Z tests\test_course_experiments.py .......                                 [ 16%]
2026-10-06T14:36:29.1394079Z tests\test_course_export.py .................                            [ 17%]
2026-10-06T14:36:29.3249739Z tests\test_course_flash_probe.py .................                       [ 19%]
2026-10-06T14:36:30.9927577Z tests\test_course_inference.py ............                              [ 20%]
2026-10-06T14:36:31.0054824Z tests\test_course_models.py ....                                         [ 20%]
2026-10-06T14:36:31.1106434Z tests\test_course_progress.py ............................               [ 22%]
2026-10-06T14:36:31.3838290Z tests\test_course_release.py .......................                     [ 24%]
2026-10-06T14:36:31.4863894Z tests\test_course_run_completion.py ...                                  [ 24%]
2026-10-06T14:36:34.5327313Z tests\test_course_workflow.py ......                                     [ 25%]
2026-10-06T14:36:38.3962725Z tests\test_env.py .s.....                                                [ 25%]
2026-10-06T14:36:38.4001989Z tests\test_factual_dispatch_audit.py .....                               [ 26%]
2026-10-06T14:36:38.5864595Z tests\test_ingest_course_release.py .................................... [ 29%]
2026-10-06T14:36:38.6334114Z .....                                                                    [ 29%]
2026-10-06T14:36:38.6813152Z tests\test_modal_course_contract.py ..........                           [ 30%]
2026-10-06T14:36:38.8071679Z tests\test_model_index.py ....................                           [ 31%]
2026-10-06T14:36:38.8833500Z tests\test_models.py ................                                    [ 33%]
2026-10-06T14:36:39.0966004Z tests\test_natural_assistant.py .......................                  [ 35%]
2026-10-06T14:36:39.5203369Z tests\test_natural_base_release.py ....................                  [ 36%]
2026-10-06T14:36:39.9316073Z tests\test_natural_data.py ...........................                   [ 38%]
2026-10-06T14:36:40.7870885Z tests\test_natural_modal_v4.py ...........................               [ 40%]
2026-10-06T14:36:41.3015384Z tests\test_natural_release.py ........................................   [ 44%]
2026-10-06T14:36:41.5791046Z tests\test_natural_selected_only.py ............                         [ 45%]
2026-10-06T14:36:42.8458141Z tests\test_natural_ui.py ...............................                 [ 47%]
2026-10-06T14:36:44.2848629Z tests\test_natural_v4_assets.py ...................s.................... [ 50%]
2026-10-06T14:36:45.9119410Z .....s.ss..........                                                      [ 52%]
2026-10-06T14:36:46.4004152Z tests\test_natural_v4_data_download.py ...............                   [ 53%]
2026-10-06T14:36:46.7361237Z tests\test_natural_v4_data_workflow.py ..........                        [ 54%]
2026-10-06T14:36:47.1500358Z tests\test_natural_v4_research_proof.py ........................         [ 56%]
2026-10-06T14:36:51.0171581Z tests\test_natural_v4_scoring.py ..............                          [ 57%]
2026-10-06T14:37:15.7887204Z tests\test_natural_v4_test_scoring.py .................................. [ 60%]
2026-10-06T14:37:59.9797257Z ........................................................................ [ 66%]
2026-10-06T14:38:23.4388261Z ........................                                                 [ 67%]
2026-10-06T14:38:23.4544112Z tests\test_posttraining.py ............                                  [ 68%]
2026-10-06T14:38:23.4568335Z tests\test_readability_trace_audit.py ...                                [ 69%]
2026-10-06T14:38:24.4747003Z tests\test_reading_time.py ....................                          [ 70%]
2026-10-06T14:38:24.8803057Z tests\test_release_course_batch.py .....................                 [ 72%]
2026-10-06T14:38:24.8840963Z tests\test_review_inventory_extension.py .....                           [ 72%]
2026-10-06T14:38:26.7964374Z tests\test_selftrained_data_publish.py .F..F.                            [ 73%]
2026-10-06T14:38:26.9164250Z tests\test_selftrained_gross_quota.py .................................. [ 76%]
2026-10-06T14:38:26.9993350Z .............                                                            [ 77%]
2026-10-06T14:38:27.2879020Z tests\test_selftrained_inference.py ...........                          [ 78%]
2026-10-06T14:38:27.9073083Z tests\test_selftrained_infra.py ......................................   [ 81%]
2026-10-06T14:38:28.0289211Z tests\test_selftrained_inspection.py .................                   [ 82%]
2026-10-06T14:38:28.2432095Z tests\test_selftrained_model.py ..............                           [ 83%]
2026-10-06T14:38:30.1195159Z tests\test_selftrained_native_voice_language.py ...........              [ 84%]
2026-10-06T14:38:31.0981279Z tests\test_selftrained_public_evaluation.py ............................ [ 86%]
2026-10-06T14:38:32.4520091Z ....................................                                     [ 89%]
2026-10-06T14:38:36.4379591Z tests\test_selftrained_training_eval.py ................FFF.FF.......F   [ 92%]
2026-10-06T14:38:37.4712581Z tests\test_selftrained_v2_generation_budget.py ...........               [ 92%]
2026-10-06T14:38:38.3721423Z tests\test_selftrained_v2_training_options.py ............               [ 93%]
2026-10-06T14:38:39.5069030Z tests\test_selftrained_weighted_language.py ........................     [ 95%]
2026-10-06T14:38:40.7560431Z tests\test_technical_reviews.py .................................        [ 98%]
2026-10-06T14:38:40.7681653Z tests\test_tool_choice.py ........                                       [ 99%]
2026-10-06T14:38:41.6574675Z tests\test_training_resume.py ...........                                [100%]
2026-10-06T14:38:41.6575092Z 
2026-10-06T14:38:41.6575269Z ================================== FAILURES ===================================
2026-10-06T14:38:41.6575800Z _____ test_changed_approved_descriptor_binds_exact_recipe_before_publish ______
2026-10-06T14:38:41.6576107Z 
2026-10-06T14:38:41.6576521Z repository = WindowsPath('C:/Users/runneradmin/AppData/Local/Temp/pytest-of-runneradmin/pytest-0/test_changed_approved_descript0')
2026-10-06T14:38:41.6577043Z 
2026-10-06T14:38:41.6577312Z     def test_changed_approved_descriptor_binds_exact_recipe_before_publish(repository):
2026-10-06T14:38:41.6578035Z         before = commit(repository, "docs/selftrained/package-recipe.json", recipe())
2026-10-06T14:38:41.6578587Z         control = {
2026-10-06T14:38:41.6578888Z             "operation": "publish",
2026-10-06T14:38:41.6579275Z             "approved": True,
2026-10-06T14:38:41.6579626Z             "recipe": "docs/selftrained/package-recipe.json",
2026-10-06T14:38:41.6580281Z             "recipe_sha256": publisher.digest(repository / "docs/selftrained/package-recipe.json"),
2026-10-06T14:38:41.6580830Z         }
2026-10-06T14:38:41.6581127Z         revision = commit(repository, publisher.CONTROL, control)
2026-10-06T14:38:41.6581767Z >       selection = publisher.select_operation(repository, {"event_name": "push", "before": before}, {}, revision)
2026-10-06T14:38:41.6582499Z                     ^^^^^^^^^^^^^^^^^^^^^^^^^^^^^^^^^^^^^^^^^^^^^^^^^^^^^^^^^^^^^^^^^^^^^^^^^^^^^^^^^^^^^^^^^^^^^^
2026-10-06T14:38:41.6582686Z 
2026-10-06T14:38:41.6582820Z tests\test_selftrained_data_publish.py:88: 
2026-10-06T14:38:41.6583097Z _ _ _ _ _ _ _ _ _ _ _ _ _ _ _ _ _ _ _ _ _ _ _ _ _ _ _ _ _ _ _ _ _ _ _ _ _ _ _ _
2026-10-06T14:38:41.6583425Z scripts\selftrained\publish_data.py:98: in select_operation
2026-10-06T14:38:41.6583754Z     control, _ = committed_json(root, CONTROL, revision)
2026-10-06T14:38:41.6584017Z                  ^^^^^^^^^^^^^^^^^^^^^^^^^^^^^^^^^^^^^^^
2026-10-06T14:38:41.6584289Z _ _ _ _ _ _ _ _ _ _ _ _ _ _ _ _ _ _ _ _ _ _ _ _ _ _ _ _ _ _ _ _ _ _ _ _ _ _ _ _
2026-10-06T14:38:41.6584445Z 
2026-10-06T14:38:41.6584717Z root = WindowsPath('C:/Users/runneradmin/AppData/Local/Temp/pytest-of-runneradmin/pytest-0/test_changed_approved_descript0')
2026-10-06T14:38:41.6585130Z path = WindowsPath('docs/selftrained/data-publish.json')
2026-10-06T14:38:41.6585368Z revision = '6ab16fb39650b461d00016131727c29200366cc8'
2026-10-06T14:38:41.6586083Z 
2026-10-06T14:38:41.6586243Z     def committed_json(root, path, revision):
2026-10-06T14:38:41.6586585Z         path = relative(path)
2026-10-06T14:38:41.6586973Z         if path.parts[:2] != ("docs", "selftrained") or path.suffix != ".json":
2026-10-06T14:38:41.6587889Z             raise ValueError("Control and recipe must be committed JSON under docs/selftrained")
2026-10-06T14:38:41.6588431Z         if not re.fullmatch(r"[a-f0-9]{40}", revision):
2026-10-06T14:38:41.6588864Z             raise ValueError("Need actual full dispatch Git SHA")
2026-10-06T14:38:41.6589223Z         raw = subprocess.run(
2026-10-06T14:38:41.6589656Z             ["git", "show", f"{revision}:{path.as_posix()}"], cwd=root, capture_output=True, check=True
2026-10-06T14:38:41.6590141Z         ).stdout
2026-10-06T14:38:41.6590424Z         if (Path(root) / path).read_bytes() != raw:
2026-10-06T14:38:41.6590862Z >           raise ValueError("File differs from selected committed Git revision")
2026-10-06T14:38:41.6591346Z E           ValueError: File differs from selected committed Git revision
2026-10-06T14:38:41.6591637Z 
2026-10-06T14:38:41.6591956Z scripts\selftrained\publish_data.py:52: ValueError
2026-10-06T14:38:41.6592407Z _ test_missing_pointer_bootstrap_uploads_native_local_lfs_object_without_commit _
2026-10-06T14:38:41.6592749Z 
2026-10-06T14:38:41.6593150Z repository = WindowsPath('C:/Users/runneradmin/AppData/Local/Temp/pytest-of-runneradmin/pytest-0/test_missing_pointer_bootstrap0')
2026-10-06T14:38:41.6593915Z monkeypatch = <_pytest.monkeypatch.MonkeyPatch object at 0x0000018FF38C5400>
2026-10-06T14:38:41.6594138Z 
2026-10-06T14:38:41.6594349Z     def test_missing_pointer_bootstrap_uploads_native_local_lfs_object_without_commit(repository, monkeypatch):
2026-10-06T14:38:41.6594743Z         # Keep real local Git/LFS staging. Replace only the external push operation.
2026-10-06T14:38:41.6595161Z         (repository / ".gitattributes").write_text("/assets/training/*.tar.gz filter=lfs diff=lfs merge=lfs -text\n")
2026-10-06T14:38:41.6595513Z         git(repository, "add", ".gitattributes")
2026-10-06T14:38:41.6595754Z         git(repository, "commit", "-m", "LFS attribute")
2026-10-06T14:38:41.6596011Z         output = repository / "outputs/selftrained/data-publish"
2026-10-06T14:38:41.6596275Z         output.mkdir(parents=True)
2026-10-06T14:38:41.6596482Z         actual = output / "selftrained-v1.tar.gz"
2026-10-06T14:38:41.6596722Z         actual.write_bytes(b"native verified LFS fixture")
2026-10-06T14:38:41.6596938Z         value = recipe()
2026-10-06T14:38:41.6597200Z         value["archive"].update(bytes=actual.stat().st_size, sha256=publisher.digest(actual))
2026-10-06T14:38:41.6597555Z         revision = commit(repository, "docs/selftrained/package-recipe.json", value)
2026-10-06T14:38:41.6597913Z         _, _, _, pointer_present = publisher.verify_archive(repository, value, revision, output)
2026-10-06T14:38:41.6598201Z         assert pointer_present is False
2026-10-06T14:38:41.6598413Z         original_run, pushed = subprocess.run, []
2026-10-06T14:38:41.6598627Z     
2026-10-06T14:38:41.6598780Z         def run(command, **kwargs):
2026-10-06T14:38:41.6598947Z             if command[:3] == ["git", "lfs", "push"]:
2026-10-06T14:38:41.6599121Z                 pushed.append(command)
2026-10-06T14:38:41.6599304Z                 return subprocess.CompletedProcess(command, 0)
2026-10-06T14:38:41.6599497Z             return original_run(command, **kwargs)
2026-10-06T14:38:41.6599647Z     
2026-10-06T14:38:41.6599791Z         monkeypatch.setattr(publisher.subprocess, "run", run)
2026-10-06T14:38:41.6600092Z >       result = publisher.publish(repository, "docs/selftrained/package-recipe.json", revision, output)
2026-10-06T14:38:41.6600397Z                  ^^^^^^^^^^^^^^^^^^^^^^^^^^^^^^^^^^^^^^^^^^^^^^^^^^^^^^^^^^^^^^^^^^^^^^^^^^^^^^^^^^^^^^^
2026-10-06T14:38:41.6600586Z 
2026-10-06T14:38:41.6600664Z tests\test_selftrained_data_publish.py:150: 
2026-10-06T14:38:41.6600860Z _ _ _ _ _ _ _ _ _ _ _ _ _ _ _ _ _ _ _ _ _ _ _ _ _ _ _ _ _ _ _ _ _ _ _ _ _ _ _ _
2026-10-06T14:38:41.6601069Z scripts\selftrained\publish_data.py:158: in publish
2026-10-06T14:38:41.6601294Z     recipe, recipe_sha = committed_json(root, recipe_path, revision)
2026-10-06T14:38:41.6601630Z                          ^^^^^^^^^^^^^^^^^^^^^^^^^^^^^^^^^^^^^^^^^^^
2026-10-06T14:38:41.6602177Z _ _ _ _ _ _ _ _ _ _ _ _ _ _ _ _ _ _ _ _ _ _ _ _ _ _ _ _ _ _ _ _ _ _ _ _ _ _ _ _
2026-10-06T14:38:41.6602374Z 
2026-10-06T14:38:41.6602635Z root = WindowsPath('C:/Users/runneradmin/AppData/Local/Temp/pytest-of-runneradmin/pytest-0/test_missing_pointer_bootstrap0')
2026-10-06T14:38:41.6603032Z path = WindowsPath('docs/selftrained/package-recipe.json')
2026-10-06T14:38:41.6603264Z revision = '59a0ec0f8bb6073ef02da008bb8eecc4866e9c8f'
2026-10-06T14:38:41.6603409Z 
2026-10-06T14:38:41.6603483Z     def committed_json(root, path, revision):
2026-10-06T14:38:41.6603753Z         path = relative(path)
2026-10-06T14:38:41.6604021Z         if path.parts[:2] != ("docs", "selftrained") or path.suffix != ".json":
2026-10-06T14:38:41.6604581Z             raise ValueError("Control and recipe must be committed JSON under docs/selftrained")
2026-10-06T14:38:41.6604897Z         if not re.fullmatch(r"[a-f0-9]{40}", revision):
2026-10-06T14:38:41.6605107Z             raise ValueError("Need actual full dispatch Git SHA")
2026-10-06T14:38:41.6605303Z         raw = subprocess.run(
2026-10-06T14:38:41.6605667Z             ["git", "show", f"{revision}:{path.as_posix()}"], cwd=root, capture_output=True, check=True
2026-10-06T14:38:41.6605913Z         ).stdout
2026-10-06T14:38:41.6606057Z         if (Path(root) / path).read_bytes() != raw:
2026-10-06T14:38:41.6606291Z >           raise ValueError("File differs from selected committed Git revision")
2026-10-06T14:38:41.6606568Z E           ValueError: File differs from selected committed Git revision
2026-10-06T14:38:41.6606732Z 
2026-10-06T14:38:41.6606815Z scripts\selftrained\publish_data.py:52: ValueError
2026-10-06T14:38:41.6607178Z _______ test_frozen_protocol_rejects_changed_conditions_and_second_test _______
2026-10-06T14:38:41.6607361Z 
2026-10-06T14:38:41.6607856Z corpus = (WindowsPath('C:/Users/runneradmin/AppData/Local/Temp/pytest-of-runneradmin/pytest-0/test_frozen_protocol_rejects_c0').....}, {'id': 'validation-text', 'group_id': 'source-validation-text', 'split': 'validation', 'task': 'text', ...}, ...])
2026-10-06T14:38:41.6608506Z capsys = <_pytest.capture.CaptureFixture object at 0x0000018FF5AFD650>
2026-10-06T14:38:41.6608694Z 
2026-10-06T14:38:41.6608853Z     def test_frozen_protocol_rejects_changed_conditions_and_second_test(corpus, capsys):
2026-10-06T14:38:41.6609136Z         root, records_path, _ = corpus
2026-10-06T14:38:41.6609305Z         train.main(
2026-10-06T14:38:41.6609434Z             [
2026-10-06T14:38:41.6609568Z                 "--records",
2026-10-06T14:38:41.6609718Z                 str(records_path),
2026-10-06T14:38:41.6609885Z                 "--asset-dir",
2026-10-06T14:38:41.6610071Z                 str(root),
2026-10-06T14:38:41.6610283Z                 "--output-dir",
2026-10-06T14:38:41.6610519Z                 str(root / "run"),
2026-10-06T14:38:41.6610766Z                 "--stage",
2026-10-06T14:38:41.6610963Z                 "joint",
2026-10-06T14:38:41.6611128Z                 "--steps",
2026-10-06T14:38:41.6611257Z                 "1",
2026-10-06T14:38:41.6611380Z                 "--batch-size",
2026-10-06T14:38:41.6611514Z                 "5",
2026-10-06T14:38:41.6611691Z                 "--context",
2026-10-06T14:38:41.6611885Z                 "256",
2026-10-06T14:38:41.6612068Z                 "--config",
2026-10-06T14:38:41.6612348Z                 str(config_file(root)),
2026-10-06T14:38:41.6612645Z             ]
2026-10-06T14:38:41.6612879Z         )
2026-10-06T14:38:41.6613122Z         common = [
2026-10-06T14:38:41.6613396Z             "--records",
2026-10-06T14:38:41.6613655Z             str(records_path),
2026-10-06T14:38:41.6613933Z             "--asset-dir",
2026-10-06T14:38:41.6614190Z             str(root),
2026-10-06T14:38:41.6614451Z             "--checkpoint",
2026-10-06T14:38:41.6628574Z             str(root / "run/best.pt"),
2026-10-06T14:38:41.6629058Z             "--max-new-tokens",
2026-10-06T14:38:41.6629248Z             "4",
2026-10-06T14:38:41.6629406Z             "--controls",
2026-10-06T14:38:41.6629571Z             "none",
2026-10-06T14:38:41.6629730Z         ]
2026-10-06T14:38:41.6629888Z         protocol = root / "frozen.json"
2026-10-06T14:38:41.6630301Z         metrics = evaluate.main(common + ["--output-dir", str(root / "val"), "--freeze-protocol", str(protocol)])
2026-10-06T14:38:41.6630840Z         assert metrics["count"] == 5 and not metrics["teacher_forcing_used_for_generation"]
2026-10-06T14:38:41.6631394Z         test_args = common + ["--split", "test", "--output-dir", str(root / "test"), "--protocol", str(protocol)]
2026-10-06T14:38:41.6631739Z >       evaluate.main(test_args)
2026-10-06T14:38:41.6631836Z 
2026-10-06T14:38:41.6631963Z tests\test_selftrained_training_eval.py:452: 
2026-10-06T14:38:41.6633250Z _ _ _ _ _ _ _ _ _ _ _ _ _ _ _ _ _ _ _ _ _ _ _ _ _ _ _ _ _ _ _ _ _ _ _ _ _ _ _ _
2026-10-06T14:38:41.6633510Z 
2026-10-06T14:38:41.6634093Z argv = ['--records', 'C:\\Users\\runneradmin\\AppData\\Local\\Temp\\pytest-of-runneradmin\\pytest-0\\test_frozen_protocol_rej...unneradmin\\AppData\\Local\\Temp\\pytest-of-runneradmin\\pytest-0\\test_frozen_protocol_rejects_c0\\run\\best.pt', ...]
2026-10-06T14:38:41.6634622Z 
2026-10-06T14:38:41.6634670Z     def main(argv=None):
2026-10-06T14:38:41.6634820Z         args = parser().parse_args(argv)
2026-10-06T14:38:41.6635079Z         if args.max_new_tokens < 1 or args.threads < 1 or (args.limit is not None and args.limit < 1):
2026-10-06T14:38:41.6635734Z             raise ValueError("generation/threads/limit 必須為正")
2026-10-06T14:38:41.6636031Z         if args.split == "test" and (not args.protocol or args.limit is not None or args.freeze_protocol):
2026-10-06T14:38:41.6636575Z             raise ValueError("test 需要凍結 protocol，不能 limit 或重新凍結")
2026-10-06T14:38:41.6636858Z         if args.freeze_protocol and Path(args.freeze_protocol).exists():
2026-10-06T14:38:41.6637178Z             raise FileExistsError("協定已存在，禁止覆寫")
2026-10-06T14:38:41.6637381Z         if args.freeze_protocol and args.limit is not None:
2026-10-06T14:38:41.6637729Z             raise ValueError("有限 smoke 不能凍結正式 test；請完成 validation")
2026-10-06T14:38:41.6637944Z         torch.set_num_threads(args.threads)
2026-10-06T14:38:41.6638204Z         from tiny_perceptron.selftrained.model import LimitedAssistant, SelftrainedConfig
2026-10-06T14:38:41.6638528Z         from tiny_perceptron.selftrained.tokenizer import CharacterTokenizer
2026-10-06T14:38:41.6638760Z     
2026-10-06T14:38:41.6638875Z         assistant = None
2026-10-06T14:38:41.6639013Z         if args.model_dir:
2026-10-06T14:38:41.6639260Z             from tiny_perceptron.selftrained.inference import InferenceAssistant, verify_export
2026-10-06T14:38:41.6639508Z     
2026-10-06T14:38:41.6639711Z             assistant = InferenceAssistant(args.model_dir, args.asset_dir, device=args.device)
2026-10-06T14:38:41.6640077Z             manifest, _ = verify_export(args.model_dir, manifest_sha256=assistant.receipt["manifest_sha256"])
2026-10-06T14:38:41.6640380Z             for key in ("data_sha256", "asset_sha256", "tokenizer_sha256"):
2026-10-06T14:38:41.6640584Z                 if key not in manifest:
2026-10-06T14:38:41.6640919Z                     raise ValueError(f"安全匯出缺少評估資料身分: {key}；legacy 匯出只可 inference")
2026-10-06T14:38:41.6641139Z             actual_tokenizer_sha = hashlib.sha256(
2026-10-06T14:38:41.6641421Z                 json.dumps(assistant.encoder.tokenizer.to_dict(), ensure_ascii=False, sort_keys=True).encode()
2026-10-06T14:38:41.6641683Z             ).hexdigest()
2026-10-06T14:38:41.6641850Z             if manifest["tokenizer_sha256"] != actual_tokenizer_sha:
2026-10-06T14:38:41.6642139Z                 raise ValueError("安全匯出 tokenizer_sha256 與實際 tokenizer 不同")
2026-10-06T14:38:41.6642395Z             checkpoint = {**manifest, "config": assistant.receipt["config"]}
2026-10-06T14:38:41.6642706Z         else:
2026-10-06T14:38:41.6642906Z             checkpoint = torch.load(args.checkpoint, map_location="cpu", weights_only=False)
2026-10-06T14:38:41.6643183Z         if checkpoint.get("schema") != "selftrained-random-v1":
2026-10-06T14:38:41.6643438Z             raise ValueError("只評估本從零管線 checkpoint")
2026-10-06T14:38:41.6643646Z         if checkpoint.get("preprocess_version") != PREPROCESS_VERSION:
2026-10-06T14:38:41.6643967Z             raise ValueError("checkpoint preprocess_version 與目前模態前處理不同")
2026-10-06T14:38:41.6644175Z         records = read_records(args.records)
2026-10-06T14:38:41.6644363Z         current = protocol_contents(args, checkpoint, records)
2026-10-06T14:38:41.6644542Z         if assistant is not None:
2026-10-06T14:38:41.6644680Z             if (
2026-10-06T14:38:41.6644871Z                 current["inference_manifest_sha256"] != assistant.receipt["manifest_sha256"]
2026-10-06T14:38:41.6645293Z                 or current["safe_weights_sha256"] != assistant.receipt["files"]["model.safetensors"]
2026-10-06T14:38:41.6645531Z             ):
2026-10-06T14:38:41.6645868Z                 raise ValueError("安全匯出在載入後變更")
2026-10-06T14:38:41.6646154Z         if checkpoint["data_sha256"] != current["data_sha256"] or checkpoint["asset_sha256"] != current["asset_sha256"]:
2026-10-06T14:38:41.6646514Z             raise ValueError("checkpoint 訓練資料/資產指紋與評估不同")
2026-10-06T14:38:41.6646688Z         if args.protocol:
2026-10-06T14:38:41.6646837Z             protocol_path = Path(args.protocol).resolve()
2026-10-06T14:38:41.6647055Z             protocol = json.loads(protocol_path.read_text(encoding="utf-8"))
2026-10-06T14:38:41.6647370Z             validate_protocol(protocol, current)
2026-10-06T14:38:41.6647738Z             # 同協定的 test 只能啟動一次；續跑須以 journal 證明已完成 prefix。
2026-10-06T14:38:41.6647995Z             test_marker = protocol_path.with_suffix(protocol_path.suffix + ".test-started.json")
2026-10-06T14:38:41.6648267Z             if args.split == "test" and test_marker.exists():
2026-10-06T14:38:41.6648459Z                 if not args.resume_output:
2026-10-06T14:38:41.6648754Z                     raise FileExistsError("test 已啟動；中斷時只可用 --resume-output 續跑未完成列")
2026-10-06T14:38:41.6649013Z                 marker = json.loads(test_marker.read_text(encoding="utf-8"))
2026-10-06T14:38:41.6649249Z                 if marker["protocol_sha256"] != file_sha256(protocol_path):
2026-10-06T14:38:41.6649491Z                     raise ValueError("既有 test marker 協定不同")
2026-10-06T14:38:41.6649740Z                 latest = Path(marker.get("latest_output_dir", marker["output_dir"])).resolve()
2026-10-06T14:38:41.6649999Z                 if Path(args.resume_output).resolve().parent != latest:
2026-10-06T14:38:41.6650324Z                     raise ValueError("test resume 必須來自最新 partial attempt，禁止從舊輸出分支")
2026-10-06T14:38:41.6650558Z             elif args.split == "test" and args.resume_output:
2026-10-06T14:38:41.6650841Z                 raise ValueError("test resume 缺少既有 protocol marker")
2026-10-06T14:38:41.6651059Z             elif args.split == "test" and not args.resume_output:
2026-10-06T14:38:41.6651277Z                 with test_marker.open("x", encoding="utf-8") as handle:
2026-10-06T14:38:41.6651464Z                     json.dump(
2026-10-06T14:38:41.6651594Z                         {
2026-10-06T14:38:41.6651763Z                             "started_at": dt.datetime.now(dt.UTC).isoformat(),
2026-10-06T14:38:41.6651994Z                             "output_dir": str(Path(args.output_dir).resolve()),
2026-10-06T14:38:41.6652221Z                             "protocol_sha256": file_sha256(protocol_path),
2026-10-06T14:38:41.6652410Z                         },
2026-10-06T14:38:41.6652538Z                         handle,
2026-10-06T14:38:41.6652676Z                         indent=2,
2026-10-06T14:38:41.6652813Z                     )
2026-10-06T14:38:41.6653013Z         selected = [record for record in records if record["split"] == args.split]
2026-10-06T14:38:41.6653225Z         if args.limit:
2026-10-06T14:38:41.6653577Z             # 依 task 輪流選，讓 CPU smoke 不被單一 task 排序占滿。
2026-10-06T14:38:41.6653762Z             tasks = collections.defaultdict(list)
2026-10-06T14:38:41.6653949Z             for record in selected:
2026-10-06T14:38:41.6654117Z                 tasks[record["task"]].append(record)
2026-10-06T14:38:41.6654287Z             ordered = []
2026-10-06T14:38:41.6654453Z             while any(tasks.values()) and len(ordered) < args.limit:
2026-10-06T14:38:41.6654655Z                 for task in sorted(tasks):
2026-10-06T14:38:41.6654836Z                     if tasks[task] and len(ordered) < args.limit:
2026-10-06T14:38:41.6655029Z                         ordered.append(tasks[task].pop(0))
2026-10-06T14:38:41.6655200Z             selected = ordered
2026-10-06T14:38:41.6655336Z         if not selected:
2026-10-06T14:38:41.6655504Z             raise ValueError("沒有評估列")
2026-10-06T14:38:41.6655741Z         if assistant is not None:
2026-10-06T14:38:41.6655926Z             model, encoder = assistant.model, assistant.encoder
2026-10-06T14:38:41.6656103Z         else:
2026-10-06T14:38:41.6656309Z             model = LimitedAssistant(SelftrainedConfig(**checkpoint["config"])).to(args.device)
2026-10-06T14:38:41.6656573Z             model.load_state_dict(checkpoint["model"])
2026-10-06T14:38:41.6656738Z             model.eval()
2026-10-06T14:38:41.6656920Z             tokenizer = CharacterTokenizer.from_dict(checkpoint["tokenizer"])
2026-10-06T14:38:41.6657245Z             encoder = RecordEncoder(tokenizer, args.asset_dir, checkpoint["config"]["max_length"], args.device)
2026-10-06T14:38:41.6657549Z         generator = Generator(model, encoder, args.max_new_tokens)
2026-10-06T14:38:41.6657746Z         output_dir = Path(args.output_dir)
2026-10-06T14:38:41.6657923Z         output_dir.mkdir(parents=True, exist_ok=True)
2026-10-06T14:38:41.6658108Z         output_path = output_dir / "outputs.jsonl"
2026-10-06T14:38:41.6658278Z         if output_path.exists():
2026-10-06T14:38:41.6658501Z             raise FileExistsError("評估 outputs 已存在，請使用新的 output-dir")
2026-10-06T14:38:41.6658712Z         journal = EvaluationJournal(args, current, selected)
2026-10-06T14:38:41.6658889Z         rows = journal.rows
2026-10-06T14:38:41.6659014Z         with journal:
2026-10-06T14:38:41.6659137Z             if args.split == "test":
2026-10-06T14:38:41.6659395Z                 # 先 commit 驗證過的 raw prefix 與初始收據，再允許新 attempt 生成。
2026-10-06T14:38:41.6659605Z                 with journal.receipt_path.open("rb") as handle:
2026-10-06T14:38:41.6659785Z >                   os.fsync(handle.fileno())
2026-10-06T14:38:41.6659957Z E                   OSError: [Errno 9] Bad file descriptor
2026-10-06T14:38:41.6660073Z 
2026-10-06T14:38:41.6660146Z scripts\selftrained\evaluate.py:840: OSError
2026-10-06T14:38:41.6660362Z ---------------------------- Captured stdout call -----------------------------
2026-10-06T14:38:41.6660678Z {"stage": "joint", "step": 1, "loss": 27.052024841308594, "gradient_norm": 6.2734856605529785, "tokens": 158}
2026-10-06T14:38:41.6661506Z {"event": "validation", "step": 1, "validation_loss": 26.704431533813477, "selected": true, "per_task": {"ocr": {"count": 1, "batch_loss_sum": 26.704431533813477}, "text": {"count": 1, "batch_loss_sum": 26.704431533813477}, "tool_call": {"count": 1, "batch_loss_sum": 26.704431533813477}, "vision_clothing": {"count": 1, "batch_loss_sum": 26.704431533813477}, "voice_qa": {"count": 1, "batch_loss_sum": 26.704431533813477}}}
2026-10-06T14:38:41.6667460Z {"schema": "selftrained-random-v1", "stage": "joint", "architecture": "moe", "steps": 1, "tokens": 158, "target_tokens": 64, "train_records": 5, "validation_records": 5, "test_used_for_selection": false, "seed": 20261006, "data_sha256": {"records.jsonl": "859a6e1097db46cfa86c3e2a838a2c7de3821d1cacbda5331729afe0149344e8"}, "tokenizer_sha256": "b436bd2c31f6d509382279bf7753e34272b274bad6f40b3b9d4fb47e5fd1ee2a", "asset_sha256": {"pixels.png": "c80dcfd499d58afb5b783394187ce8a1fc1003e40119032f14e8a7fbec356770", "wave.wav": "8bcaf88f86e1a4b74ccc727205a23039a439ba36209f9fa9e02c060ae30dbd11"}, "config": {"vocab_size": 128, "architecture": "moe", "width": 16, "layers": 1, "heads": 2, "kv_heads": 1, "ffn_hidden": 32, "experts": 2, "top_k": 1, "max_length": 256, "backend": "sdpa", "tied": true, "auxiliary_weight": 0.01, "version": "selftrained_multimodal_v1"}, "selection": "validation_loss (teacher-forced; not generation success)", "best_validation_loss": 26.704431533813477, "seconds": 0.08523470000000088, "total_parameters": 185203, "trainable_parameters": 185203, "freeze_perception_backbones": false, "sampling_mode": "bucket", "tool_loss_weight": 1.0, "numeric_run_loss_weight": 1.0, "language_objective_policy": {"version": "selftrained-language-objective-v1", "training_only": true, "legacy_default_branch": "reuse_original_language_loss_scalar_and_graph", "tool_rows": ["tool_call", "tool_reply:supervision.replay_kind=actual_executor"], "excluded_rows": ["evaluation_only", "supervision.protocol_fixture"], "row_scope": "all_existing_supervised_assistant_targets_in_eligible_row", "numeric_targets": "ASCII_digits_union_immediate_supervised_nondigit_boundary_or_EOS_union_minus_if_next_supervised_digit", "alignment": "RecordEncoder_already_shifted_labels; ignored_gap_breaks_adjacency", "combination": "tool_row_multiplier_times_numeric_multiplier; ignored_labels_zero", "normalization": "sum(weight_times_token_CE)/sum(weight)", "weighted_reduction_dtype": "float32", "validation_and_selection": "original_unweighted_objective; validation_loss"}, "sampler_policy": {"mode": "bucket", "family_draw_weights": {}, "family_cycle": [], "within_family_bucket_cycles": {}, "within_family_bucket_multiplicities": {}, "tools_task_multiplicities": {}, "record_sampling": "uniform_with_replacement_per_bucket"}, "comparison": {"per_expert_ffn_hidden": 32, "active_ffn_count": 1, "sampling_mode": "bucket", "freeze_perception_backbones": false, "sample_draws": 5, "input_tokens_observed": 158, "pairing_requires": "same data/tokenizer/seed/sampler/backbone options; compare actual draws and input tokens in both receipts"}, "origin": {"kind": "all-neural-weights-random", "seed": 20261006}, "stage_history": [], "interrupted": false, "completed_requested_steps": true, "selected_checkpoint_available": true, "inference_exported": true}
2026-10-06T14:38:41.6681151Z {"version": "selftrained-generation-v2", "split": "validation", "count": 5, "limited_smoke": false, "evaluation_complete": true, "expected_count": 5, "resumed_completed_count": 0, "recovered_complete_tail_count": 0, "interrupted": false, "checkpoint_sha256": "dcf04473c8dcd9c44226c4af3c07a5fb7365f1bf8bbaca91635f52f69e54a7c8", "weight_source": "private_checkpoint", "safe_weights_sha256": null, "inference_manifest_sha256": null, "selected_checkpoint_sha256": null, "protocol": null, "teacher_forcing_used_for_generation": false, "thresholds": {"text_semantic_per_intent": 0.8, "format": 0.9, "vision_per_class_relation": 0.8, "ocr_cer_max": 0.1, "ocr_exact": 0.8, "voice_per_intent": 0.8, "tool_roundtrip": 0.95, "unsupported_clarification": 0.8}, "per_task_final_reply": {"ocr": {"count": 1, "source_groups": 1, "recording_assets": 0, "image_assets": 1, "exact": {"numerator": 0, "denominator": 1, "rate": 0.0}, "semantic": {"numerator": 0, "denominator": 1, "rate": 0.0}, "tool_requested": {"numerator": 0, "denominator": 1, "rate": 0.0}, "unexpected_tool_requested": {"numerator": 0, "denominator": 1, "rate": 0.0}, "final_cer": 2.0}, "text": {"count": 1, "source_groups": 1, "recording_assets": 0, "image_assets": 0, "exact": {"numerator": 0, "denominator": 1, "rate": 0.0}, "semantic": {"numerator": 0, "denominator": 1, "rate": 0.0}, "tool_requested": {"numerator": 0, "denominator": 1, "rate": 0.0}, "unexpected_tool_requested": {"numerator": 0, "denominator": 1, "rate": 0.0}}, "tool_call": {"count": 1, "source_groups": 1, "recording_assets": 0, "image_assets": 0, "exact": {"numerator": 0, "denominator": 1, "rate": 0.0}, "semantic": {"numerator": 0, "denominator": 1, "rate": 0.0}, "tool_parameters": {"numerator": 0, "denominator": 1, "rate": 0.0}, "tool_valid": {"numerator": 0, "denominator": 1, "rate": 0.0}, "tool_executed": {"numerator": 0, "denominator": 1, "rate": 0.0}, "tool_final": {"numerator": 0, "denominator": 1, "rate": 0.0}, "tool_roundtrip": {"numerator": 0, "denominator": 1, "rate": 0.0}, "tool_requested": {"numerator": 0, "denominator": 1, "rate": 0.0}, "unexpected_tool_requested": {"numerator": 0, "denominator": 1, "rate": 0.0}}, "vision_clothing": {"count": 1, "source_groups": 1, "recording_assets": 0, "image_assets": 1, "exact": {"numerator": 0, "denominator": 1, "rate": 0.0}, "semantic": {"numerator": 0, "denominator": 1, "rate": 0.0}, "tool_requested": {"numerator": 0, "denominator": 1, "rate": 0.0}, "unexpected_tool_requested": {"numerator": 0, "denominator": 1, "rate": 0.0}}, "voice_qa": {"count": 1, "source_groups": 1, "recording_assets": 1, "image_assets": 0, "exact": {"numerator": 0, "denominator": 1, "rate": 0.0}, "semantic": {"numerator": 0, "denominator": 1, "rate": 0.0}, "tool_requested": {"numerator": 0, "denominator": 1, "rate": 0.0}, "unexpected_tool_requested": {"numerator": 0, "denominator": 1, "rate": 0.0}}}, "stratified_final_reply": {"vision_clothing/query_class=0": {"count": 1, "source_groups": 1, "recording_assets": 0, "semantic_numerator": 0, "semantic_rate": 0.0, "exact_numerator": 0, "exact_rate": 0.0, "format_numerator": 0, "format_denominator": 0}, "voice_qa/intent=address": {"count": 1, "source_groups": 1, "recording_assets": 1, "semantic_numerator": 0, "semantic_rate": 0.0, "exact_numerator": 0, "exact_rate": 0.0, "format_numerator": 0, "format_denominator": 0}}, "perception": {"audio_intent_0": {"numerator": 1, "denominator": 1, "rate": 1.0}, "image_class_0": {"numerator": 0, "denominator": 1, "rate": 0.0}, "image_class_1": {"numerator": 0, "denominator": 1, "rate": 0.0}, "ocr": {"cer": 2.0, "exact_numerator": 0, "denominator": 1, "exact_rate": 0.0}}, "controls": {"paired": {}, "zero_modality": {"count": 0, "changed": 0}, "tool_return_dependency": {"count": 0, "correct": 0}}, "routing": [{"counts": [61, 33], "fractions": [0.648936170212766, 0.35106382978723405], "max_expert_fraction": 0.648936170212766, "unused_experts": 0}], "voice_topic_continuation": {"count": 0, "source_groups": 0, "recording_assets": 0, "first_semantic_correct": 0, "first_format_correct": 0, "final_semantic_correct": 0, "final_format_correct": 0, "end_to_end_semantic_correct": 0, "end_to_end_format_correct": 0, "end_to_end_correct": 0, "history_source": "actual first model generation, no demonstrated answer"}, "generation_budget": {"policy": "full-history-ceiling-min-remaining-context-v1", "main_reply_failure_rows": 0, "perception_failure_rows": 0, "exhausted_attempts": 0, "capped_neural_generations": 0}, "voice_scope": "MInDS-14 source-internal finite intent demonstration; no speaker-disjoint generalization claim", "notes": "Keyword/exact rubrics are mechanically scored and raw outputs remain available for review; test never selects checkpoint."}
2026-10-06T14:38:41.6691298Z __ test_interrupted_test_resumes_same_raw_prefix_without_regenerating[False] __
2026-10-06T14:38:41.6691490Z 
2026-10-06T14:38:41.6691978Z corpus = (WindowsPath('C:/Users/runneradmin/AppData/Local/Temp/pytest-of-runneradmin/pytest-0/test_interrupted_test_resumes_0').....}, {'id': 'validation-text', 'group_id': 'source-validation-text', 'split': 'validation', 'task': 'text', ...}, ...])
2026-10-06T14:38:41.6692706Z monkeypatch = <_pytest.monkeypatch.MonkeyPatch object at 0x0000018FF57018D0>
2026-10-06T14:38:41.6693014Z capsys = <_pytest.capture.CaptureFixture object at 0x0000018FF3B353D0>
2026-10-06T14:38:41.6693237Z recover_tail = False
2026-10-06T14:38:41.6693320Z 
2026-10-06T14:38:41.6693417Z     @pytest.mark.parametrize("recover_tail", [False, True])
2026-10-06T14:38:41.6693803Z     def test_interrupted_test_resumes_same_raw_prefix_without_regenerating(corpus, monkeypatch, capsys, recover_tail):
2026-10-06T14:38:41.6694120Z         root, records_path, _ = corpus
2026-10-06T14:38:41.6694276Z         train.main(
2026-10-06T14:38:41.6694476Z             [
2026-10-06T14:38:41.6694594Z                 "--records",
2026-10-06T14:38:41.6694740Z                 str(records_path),
2026-10-06T14:38:41.6694895Z                 "--asset-dir",
2026-10-06T14:38:41.6695050Z                 str(root),
2026-10-06T14:38:41.6695191Z                 "--output-dir",
2026-10-06T14:38:41.6695356Z                 str(root / "resume-run"),
2026-10-06T14:38:41.6695512Z                 "--stage",
2026-10-06T14:38:41.6695644Z                 "joint",
2026-10-06T14:38:41.6695769Z                 "--steps",
2026-10-06T14:38:41.6695901Z                 "1",
2026-10-06T14:38:41.6696023Z                 "--batch-size",
2026-10-06T14:38:41.6696152Z                 "5",
2026-10-06T14:38:41.6696266Z                 "--context",
2026-10-06T14:38:41.6696393Z                 "256",
2026-10-06T14:38:41.6696518Z                 "--config",
2026-10-06T14:38:41.6696938Z                 str(config_file(root)),
2026-10-06T14:38:41.6697079Z             ]
2026-10-06T14:38:41.6697186Z         )
2026-10-06T14:38:41.6697295Z         common = [
2026-10-06T14:38:41.6697409Z             "--records",
2026-10-06T14:38:41.6697535Z             str(records_path),
2026-10-06T14:38:41.6697664Z             "--asset-dir",
2026-10-06T14:38:41.6697780Z             str(root),
2026-10-06T14:38:41.6697902Z             "--checkpoint",
2026-10-06T14:38:41.6698043Z             str(root / "resume-run/best.pt"),
2026-10-06T14:38:41.6698204Z             "--max-new-tokens",
2026-10-06T14:38:41.6698327Z             "4",
2026-10-06T14:38:41.6698436Z             "--controls",
2026-10-06T14:38:41.6698560Z             "none",
2026-10-06T14:38:41.6698666Z         ]
2026-10-06T14:38:41.6698789Z         protocol = root / "resume-frozen.json"
2026-10-06T14:38:41.6699073Z         evaluate.main(common + ["--output-dir", str(root / "resume-val"), "--freeze-protocol", str(protocol)])
2026-10-06T14:38:41.6699376Z         original_append = evaluate.EvaluationJournal.append
2026-10-06T14:38:41.6699570Z         first_receipt = None
2026-10-06T14:38:41.6699694Z     
2026-10-06T14:38:41.6699819Z         def stop_after_first_commit(journal, row):
2026-10-06T14:38:41.6699994Z             nonlocal first_receipt
2026-10-06T14:38:41.6700143Z             original_append(journal, row)
2026-10-06T14:38:41.6700313Z             if len(journal.rows) == 1:
2026-10-06T14:38:41.6700497Z                 first_receipt = journal.receipt_path.read_bytes()
2026-10-06T14:38:41.6700724Z             if len(journal.rows) == (2 if recover_tail else 1):
2026-10-06T14:38:41.6700924Z                 journal.request_stop(signal.SIGTERM, None)
2026-10-06T14:38:41.6701205Z     
2026-10-06T14:38:41.6701408Z         monkeypatch.setattr(evaluate.EvaluationJournal, "append", stop_after_first_commit)
2026-10-06T14:38:41.6701657Z >       first = evaluate.main(
2026-10-06T14:38:41.6701906Z             common + ["--split", "test", "--protocol", str(protocol), "--output-dir", str(root / "partial-test")]
2026-10-06T14:38:41.6702163Z         )
2026-10-06T14:38:41.6702230Z 
2026-10-06T14:38:41.6702305Z tests\test_selftrained_training_eval.py:511: 
2026-10-06T14:38:41.6702597Z _ _ _ _ _ _ _ _ _ _ _ _ _ _ _ _ _ _ _ _ _ _ _ _ _ _ _ _ _ _ _ _ _ _ _ _ _ _ _ _
2026-10-06T14:38:41.6702733Z 
2026-10-06T14:38:41.6703166Z argv = ['--records', 'C:\\Users\\runneradmin\\AppData\\Local\\Temp\\pytest-of-runneradmin\\pytest-0\\test_interrupted_test_re...min\\AppData\\Local\\Temp\\pytest-of-runneradmin\\pytest-0\\test_interrupted_test_resumes_0\\resume-run\\best.pt', ...]
2026-10-06T14:38:41.6703646Z 
2026-10-06T14:38:41.6703696Z     def main(argv=None):
2026-10-06T14:38:41.6703845Z         args = parser().parse_args(argv)
2026-10-06T14:38:41.6704099Z         if args.max_new_tokens < 1 or args.threads < 1 or (args.limit is not None and args.limit < 1):
2026-10-06T14:38:41.6704505Z             raise ValueError("generation/threads/limit 必須為正")
2026-10-06T14:38:41.6704795Z         if args.split == "test" and (not args.protocol or args.limit is not None or args.freeze_protocol):
2026-10-06T14:38:41.6705219Z             raise ValueError("test 需要凍結 protocol，不能 limit 或重新凍結")
2026-10-06T14:38:41.6705457Z         if args.freeze_protocol and Path(args.freeze_protocol).exists():
2026-10-06T14:38:41.6705716Z             raise FileExistsError("協定已存在，禁止覆寫")
2026-10-06T14:38:41.6705903Z         if args.freeze_protocol and args.limit is not None:
2026-10-06T14:38:41.6706164Z             raise ValueError("有限 smoke 不能凍結正式 test；請完成 validation")
2026-10-06T14:38:41.6706367Z         torch.set_num_threads(args.threads)
2026-10-06T14:38:41.6706612Z         from tiny_perceptron.selftrained.model import LimitedAssistant, SelftrainedConfig
2026-10-06T14:38:41.6706922Z         from tiny_perceptron.selftrained.tokenizer import CharacterTokenizer
2026-10-06T14:38:41.6707126Z     
2026-10-06T14:38:41.6707229Z         assistant = None
2026-10-06T14:38:41.6707424Z         if args.model_dir:
2026-10-06T14:38:41.6707662Z             from tiny_perceptron.selftrained.inference import InferenceAssistant, verify_export
2026-10-06T14:38:41.6707905Z     
2026-10-06T14:38:41.6708094Z             assistant = InferenceAssistant(args.model_dir, args.asset_dir, device=args.device)
2026-10-06T14:38:41.6708446Z             manifest, _ = verify_export(args.model_dir, manifest_sha256=assistant.receipt["manifest_sha256"])
2026-10-06T14:38:41.6708747Z             for key in ("data_sha256", "asset_sha256", "tokenizer_sha256"):
2026-10-06T14:38:41.6708954Z                 if key not in manifest:
2026-10-06T14:38:41.6709228Z                     raise ValueError(f"安全匯出缺少評估資料身分: {key}；legacy 匯出只可 inference")
2026-10-06T14:38:41.6709449Z             actual_tokenizer_sha = hashlib.sha256(
2026-10-06T14:38:41.6709749Z                 json.dumps(assistant.encoder.tokenizer.to_dict(), ensure_ascii=False, sort_keys=True).encode()
2026-10-06T14:38:41.6710017Z             ).hexdigest()
2026-10-06T14:38:41.6710186Z             if manifest["tokenizer_sha256"] != actual_tokenizer_sha:
2026-10-06T14:38:41.6710489Z                 raise ValueError("安全匯出 tokenizer_sha256 與實際 tokenizer 不同")
2026-10-06T14:38:41.6710734Z             checkpoint = {**manifest, "config": assistant.receipt["config"]}
2026-10-06T14:38:41.6710934Z         else:
2026-10-06T14:38:41.6711134Z             checkpoint = torch.load(args.checkpoint, map_location="cpu", weights_only=False)
2026-10-06T14:38:41.6711411Z         if checkpoint.get("schema") != "selftrained-random-v1":
2026-10-06T14:38:41.6711654Z             raise ValueError("只評估本從零管線 checkpoint")
2026-10-06T14:38:41.6711876Z         if checkpoint.get("preprocess_version") != PREPROCESS_VERSION:
2026-10-06T14:38:41.6712177Z             raise ValueError("checkpoint preprocess_version 與目前模態前處理不同")
2026-10-06T14:38:41.6712392Z         records = read_records(args.records)
2026-10-06T14:38:41.6712585Z         current = protocol_contents(args, checkpoint, records)
2026-10-06T14:38:41.6712785Z         if assistant is not None:
2026-10-06T14:38:41.6712929Z             if (
2026-10-06T14:38:41.6713129Z                 current["inference_manifest_sha256"] != assistant.receipt["manifest_sha256"]
2026-10-06T14:38:41.6713445Z                 or current["safe_weights_sha256"] != assistant.receipt["files"]["model.safetensors"]
2026-10-06T14:38:41.6713683Z             ):
2026-10-06T14:38:41.6713840Z                 raise ValueError("安全匯出在載入後變更")
2026-10-06T14:38:41.6714121Z         if checkpoint["data_sha256"] != current["data_sha256"] or checkpoint["asset_sha256"] != current["asset_sha256"]:
2026-10-06T14:38:41.6714486Z             raise ValueError("checkpoint 訓練資料/資產指紋與評估不同")
2026-10-06T14:38:41.6714660Z         if args.protocol:
2026-10-06T14:38:41.6714811Z             protocol_path = Path(args.protocol).resolve()
2026-10-06T14:38:41.6715040Z             protocol = json.loads(protocol_path.read_text(encoding="utf-8"))
2026-10-06T14:38:41.6715270Z             validate_protocol(protocol, current)
2026-10-06T14:38:41.6715509Z             # 同協定的 test 只能啟動一次；續跑須以 journal 證明已完成 prefix。
2026-10-06T14:38:41.6715849Z             test_marker = protocol_path.with_suffix(protocol_path.suffix + ".test-started.json")
2026-10-06T14:38:41.6716133Z             if args.split == "test" and test_marker.exists():
2026-10-06T14:38:41.6716323Z                 if not args.resume_output:
2026-10-06T14:38:41.6716595Z                     raise FileExistsError("test 已啟動；中斷時只可用 --resume-output 續跑未完成列")
2026-10-06T14:38:41.6716846Z                 marker = json.loads(test_marker.read_text(encoding="utf-8"))
2026-10-06T14:38:41.6717086Z                 if marker["protocol_sha256"] != file_sha256(protocol_path):
2026-10-06T14:38:41.6717357Z                     raise ValueError("既有 test marker 協定不同")
2026-10-06T14:38:41.6717610Z                 latest = Path(marker.get("latest_output_dir", marker["output_dir"])).resolve()
2026-10-06T14:38:41.6717947Z                 if Path(args.resume_output).resolve().parent != latest:
2026-10-06T14:38:41.6718247Z                     raise ValueError("test resume 必須來自最新 partial attempt，禁止從舊輸出分支")
2026-10-06T14:38:41.6718502Z             elif args.split == "test" and args.resume_output:
2026-10-06T14:38:41.6718769Z                 raise ValueError("test resume 缺少既有 protocol marker")
2026-10-06T14:38:41.6718997Z             elif args.split == "test" and not args.resume_output:
2026-10-06T14:38:41.6719241Z                 with test_marker.open("x", encoding="utf-8") as handle:
2026-10-06T14:38:41.6719452Z                     json.dump(
2026-10-06T14:38:41.6719598Z                         {
2026-10-06T14:38:41.6719780Z                             "started_at": dt.datetime.now(dt.UTC).isoformat(),
2026-10-06T14:38:41.6720010Z                             "output_dir": str(Path(args.output_dir).resolve()),
2026-10-06T14:38:41.6720243Z                             "protocol_sha256": file_sha256(protocol_path),
2026-10-06T14:38:41.6720440Z                         },
2026-10-06T14:38:41.6720573Z                         handle,
2026-10-06T14:38:41.6720726Z                         indent=2,
2026-10-06T14:38:41.6720870Z                     )
2026-10-06T14:38:41.6721185Z         selected = [record for record in records if record["split"] == args.split]
2026-10-06T14:38:41.6721408Z         if args.limit:
2026-10-06T14:38:41.6721627Z             # 依 task 輪流選，讓 CPU smoke 不被單一 task 排序占滿。
2026-10-06T14:38:41.6721815Z             tasks = collections.defaultdict(list)
2026-10-06T14:38:41.6721989Z             for record in selected:
2026-10-06T14:38:41.6722169Z                 tasks[record["task"]].append(record)
2026-10-06T14:38:41.6722334Z             ordered = []
2026-10-06T14:38:41.6722558Z             while any(tasks.values()) and len(ordered) < args.limit:
2026-10-06T14:38:41.6722811Z                 for task in sorted(tasks):
2026-10-06T14:38:41.6723001Z                     if tasks[task] and len(ordered) < args.limit:
2026-10-06T14:38:41.6723226Z                         ordered.append(tasks[task].pop(0))
2026-10-06T14:38:41.6723403Z             selected = ordered
2026-10-06T14:38:41.6723548Z         if not selected:
2026-10-06T14:38:41.6723719Z             raise ValueError("沒有評估列")
2026-10-06T14:38:41.6723864Z         if assistant is not None:
2026-10-06T14:38:41.6724040Z             model, encoder = assistant.model, assistant.encoder
2026-10-06T14:38:41.6724219Z         else:
2026-10-06T14:38:41.6724454Z             model = LimitedAssistant(SelftrainedConfig(**checkpoint["config"])).to(args.device)
2026-10-06T14:38:41.6724733Z             model.load_state_dict(checkpoint["model"])
2026-10-06T14:38:41.6724897Z             model.eval()
2026-10-06T14:38:41.6725092Z             tokenizer = CharacterTokenizer.from_dict(checkpoint["tokenizer"])
2026-10-06T14:38:41.6725432Z             encoder = RecordEncoder(tokenizer, args.asset_dir, checkpoint["config"]["max_length"], args.device)
2026-10-06T14:38:41.6725742Z         generator = Generator(model, encoder, args.max_new_tokens)
2026-10-06T14:38:41.6725957Z         output_dir = Path(args.output_dir)
2026-10-06T14:38:41.6726201Z         output_dir.mkdir(parents=True, exist_ok=True)
2026-10-06T14:38:41.6726387Z         output_path = output_dir / "outputs.jsonl"
2026-10-06T14:38:41.6726557Z         if output_path.exists():
2026-10-06T14:38:41.6726777Z             raise FileExistsError("評估 outputs 已存在，請使用新的 output-dir")
2026-10-06T14:38:41.6726994Z         journal = EvaluationJournal(args, current, selected)
2026-10-06T14:38:41.6727180Z         rows = journal.rows
2026-10-06T14:38:41.6727311Z         with journal:
2026-10-06T14:38:41.6727443Z             if args.split == "test":
2026-10-06T14:38:41.6727673Z                 # 先 commit 驗證過的 raw prefix 與初始收據，再允許新 attempt 生成。
2026-10-06T14:38:41.6727887Z                 with journal.receipt_path.open("rb") as handle:
2026-10-06T14:38:41.6728078Z >                   os.fsync(handle.fileno())
2026-10-06T14:38:41.6728322Z E                   OSError: [Errno 9] Bad file descriptor
2026-10-06T14:38:41.6728448Z 
2026-10-06T14:38:41.6728527Z scripts\selftrained\evaluate.py:840: OSError
2026-10-06T14:38:41.6728770Z ---------------------------- Captured stdout call -----------------------------
2026-10-06T14:38:41.6729084Z {"stage": "joint", "step": 1, "loss": 27.052024841308594, "gradient_norm": 6.2734856605529785, "tokens": 158}
2026-10-06T14:38:41.6729954Z {"event": "validation", "step": 1, "validation_loss": 26.704431533813477, "selected": true, "per_task": {"ocr": {"count": 1, "batch_loss_sum": 26.704431533813477}, "text": {"count": 1, "batch_loss_sum": 26.704431533813477}, "tool_call": {"count": 1, "batch_loss_sum": 26.704431533813477}, "vision_clothing": {"count": 1, "batch_loss_sum": 26.704431533813477}, "voice_qa": {"count": 1, "batch_loss_sum": 26.704431533813477}}}
2026-10-06T14:38:41.6735905Z {"schema": "selftrained-random-v1", "stage": "joint", "architecture": "moe", "steps": 1, "tokens": 158, "target_tokens": 64, "train_records": 5, "validation_records": 5, "test_used_for_selection": false, "seed": 20261006, "data_sha256": {"records.jsonl": "859a6e1097db46cfa86c3e2a838a2c7de3821d1cacbda5331729afe0149344e8"}, "tokenizer_sha256": "b436bd2c31f6d509382279bf7753e34272b274bad6f40b3b9d4fb47e5fd1ee2a", "asset_sha256": {"pixels.png": "c80dcfd499d58afb5b783394187ce8a1fc1003e40119032f14e8a7fbec356770", "wave.wav": "8bcaf88f86e1a4b74ccc727205a23039a439ba36209f9fa9e02c060ae30dbd11"}, "config": {"vocab_size": 128, "architecture": "moe", "width": 16, "layers": 1, "heads": 2, "kv_heads": 1, "ffn_hidden": 32, "experts": 2, "top_k": 1, "max_length": 256, "backend": "sdpa", "tied": true, "auxiliary_weight": 0.01, "version": "selftrained_multimodal_v1"}, "selection": "validation_loss (teacher-forced; not generation success)", "best_validation_loss": 26.704431533813477, "seconds": 0.08555869999997867, "total_parameters": 185203, "trainable_parameters": 185203, "freeze_perception_backbones": false, "sampling_mode": "bucket", "tool_loss_weight": 1.0, "numeric_run_loss_weight": 1.0, "language_objective_policy": {"version": "selftrained-language-objective-v1", "training_only": true, "legacy_default_branch": "reuse_original_language_loss_scalar_and_graph", "tool_rows": ["tool_call", "tool_reply:supervision.replay_kind=actual_executor"], "excluded_rows": ["evaluation_only", "supervision.protocol_fixture"], "row_scope": "all_existing_supervised_assistant_targets_in_eligible_row", "numeric_targets": "ASCII_digits_union_immediate_supervised_nondigit_boundary_or_EOS_union_minus_if_next_supervised_digit", "alignment": "RecordEncoder_already_shifted_labels; ignored_gap_breaks_adjacency", "combination": "tool_row_multiplier_times_numeric_multiplier; ignored_labels_zero", "normalization": "sum(weight_times_token_CE)/sum(weight)", "weighted_reduction_dtype": "float32", "validation_and_selection": "original_unweighted_objective; validation_loss"}, "sampler_policy": {"mode": "bucket", "family_draw_weights": {}, "family_cycle": [], "within_family_bucket_cycles": {}, "within_family_bucket_multiplicities": {}, "tools_task_multiplicities": {}, "record_sampling": "uniform_with_replacement_per_bucket"}, "comparison": {"per_expert_ffn_hidden": 32, "active_ffn_count": 1, "sampling_mode": "bucket", "freeze_perception_backbones": false, "sample_draws": 5, "input_tokens_observed": 158, "pairing_requires": "same data/tokenizer/seed/sampler/backbone options; compare actual draws and input tokens in both receipts"}, "origin": {"kind": "all-neural-weights-random", "seed": 20261006}, "stage_history": [], "interrupted": false, "completed_requested_steps": true, "selected_checkpoint_available": true, "inference_exported": true}
2026-10-06T14:38:41.6749276Z {"version": "selftrained-generation-v2", "split": "validation", "count": 5, "limited_smoke": false, "evaluation_complete": true, "expected_count": 5, "resumed_completed_count": 0, "recovered_complete_tail_count": 0, "interrupted": false, "checkpoint_sha256": "4ca481143396feb54a2dc7438b6114949a391e4304ac6b93d4ccac949d099db4", "weight_source": "private_checkpoint", "safe_weights_sha256": null, "inference_manifest_sha256": null, "selected_checkpoint_sha256": null, "protocol": null, "teacher_forcing_used_for_generation": false, "thresholds": {"text_semantic_per_intent": 0.8, "format": 0.9, "vision_per_class_relation": 0.8, "ocr_cer_max": 0.1, "ocr_exact": 0.8, "voice_per_intent": 0.8, "tool_roundtrip": 0.95, "unsupported_clarification": 0.8}, "per_task_final_reply": {"ocr": {"count": 1, "source_groups": 1, "recording_assets": 0, "image_assets": 1, "exact": {"numerator": 0, "denominator": 1, "rate": 0.0}, "semantic": {"numerator": 0, "denominator": 1, "rate": 0.0}, "tool_requested": {"numerator": 0, "denominator": 1, "rate": 0.0}, "unexpected_tool_requested": {"numerator": 0, "denominator": 1, "rate": 0.0}, "final_cer": 2.0}, "text": {"count": 1, "source_groups": 1, "recording_assets": 0, "image_assets": 0, "exact": {"numerator": 0, "denominator": 1, "rate": 0.0}, "semantic": {"numerator": 0, "denominator": 1, "rate": 0.0}, "tool_requested": {"numerator": 0, "denominator": 1, "rate": 0.0}, "unexpected_tool_requested": {"numerator": 0, "denominator": 1, "rate": 0.0}}, "tool_call": {"count": 1, "source_groups": 1, "recording_assets": 0, "image_assets": 0, "exact": {"numerator": 0, "denominator": 1, "rate": 0.0}, "semantic": {"numerator": 0, "denominator": 1, "rate": 0.0}, "tool_parameters": {"numerator": 0, "denominator": 1, "rate": 0.0}, "tool_valid": {"numerator": 0, "denominator": 1, "rate": 0.0}, "tool_executed": {"numerator": 0, "denominator": 1, "rate": 0.0}, "tool_final": {"numerator": 0, "denominator": 1, "rate": 0.0}, "tool_roundtrip": {"numerator": 0, "denominator": 1, "rate": 0.0}, "tool_requested": {"numerator": 0, "denominator": 1, "rate": 0.0}, "unexpected_tool_requested": {"numerator": 0, "denominator": 1, "rate": 0.0}}, "vision_clothing": {"count": 1, "source_groups": 1, "recording_assets": 0, "image_assets": 1, "exact": {"numerator": 0, "denominator": 1, "rate": 0.0}, "semantic": {"numerator": 0, "denominator": 1, "rate": 0.0}, "tool_requested": {"numerator": 0, "denominator": 1, "rate": 0.0}, "unexpected_tool_requested": {"numerator": 0, "denominator": 1, "rate": 0.0}}, "voice_qa": {"count": 1, "source_groups": 1, "recording_assets": 1, "image_assets": 0, "exact": {"numerator": 0, "denominator": 1, "rate": 0.0}, "semantic": {"numerator": 0, "denominator": 1, "rate": 0.0}, "tool_requested": {"numerator": 0, "denominator": 1, "rate": 0.0}, "unexpected_tool_requested": {"numerator": 0, "denominator": 1, "rate": 0.0}}}, "stratified_final_reply": {"vision_clothing/query_class=0": {"count": 1, "source_groups": 1, "recording_assets": 0, "semantic_numerator": 0, "semantic_rate": 0.0, "exact_numerator": 0, "exact_rate": 0.0, "format_numerator": 0, "format_denominator": 0}, "voice_qa/intent=address": {"count": 1, "source_groups": 1, "recording_assets": 1, "semantic_numerator": 0, "semantic_rate": 0.0, "exact_numerator": 0, "exact_rate": 0.0, "format_numerator": 0, "format_denominator": 0}}, "perception": {"audio_intent_0": {"numerator": 1, "denominator": 1, "rate": 1.0}, "image_class_0": {"numerator": 0, "denominator": 1, "rate": 0.0}, "image_class_1": {"numerator": 0, "denominator": 1, "rate": 0.0}, "ocr": {"cer": 2.0, "exact_numerator": 0, "denominator": 1, "exact_rate": 0.0}}, "controls": {"paired": {}, "zero_modality": {"count": 0, "changed": 0}, "tool_return_dependency": {"count": 0, "correct": 0}}, "routing": [{"counts": [61, 33], "fractions": [0.648936170212766, 0.35106382978723405], "max_expert_fraction": 0.648936170212766, "unused_experts": 0}], "voice_topic_continuation": {"count": 0, "source_groups": 0, "recording_assets": 0, "first_semantic_correct": 0, "first_format_correct": 0, "final_semantic_correct": 0, "final_format_correct": 0, "end_to_end_semantic_correct": 0, "end_to_end_format_correct": 0, "end_to_end_correct": 0, "history_source": "actual first model generation, no demonstrated answer"}, "generation_budget": {"policy": "full-history-ceiling-min-remaining-context-v1", "main_reply_failure_rows": 0, "perception_failure_rows": 0, "exhausted_attempts": 0, "capped_neural_generations": 0}, "voice_scope": "MInDS-14 source-internal finite intent demonstration; no speaker-disjoint generalization claim", "notes": "Keyword/exact rubrics are mechanically scored and raw outputs remain available for review; test never selects checkpoint."}
2026-10-06T14:38:41.6757085Z __ test_interrupted_test_resumes_same_raw_prefix_without_regenerating[True] ___
2026-10-06T14:38:41.6757271Z 
2026-10-06T14:38:41.6757706Z corpus = (WindowsPath('C:/Users/runneradmin/AppData/Local/Temp/pytest-of-runneradmin/pytest-0/test_interrupted_test_resumes_1').....}, {'id': 'validation-text', 'group_id': 'source-validation-text', 'split': 'validation', 'task': 'text', ...}, ...])
2026-10-06T14:38:41.6758308Z monkeypatch = <_pytest.monkeypatch.MonkeyPatch object at 0x0000018FF5737EE0>
2026-10-06T14:38:41.6758599Z capsys = <_pytest.capture.CaptureFixture object at 0x0000018FF5A7F7D0>
2026-10-06T14:38:41.6758807Z recover_tail = True
2026-10-06T14:38:41.6758877Z 
2026-10-06T14:38:41.6758971Z     @pytest.mark.parametrize("recover_tail", [False, True])
2026-10-06T14:38:41.6759298Z     def test_interrupted_test_resumes_same_raw_prefix_without_regenerating(corpus, monkeypatch, capsys, recover_tail):
2026-10-06T14:38:41.6759598Z         root, records_path, _ = corpus
2026-10-06T14:38:41.6759733Z         train.main(
2026-10-06T14:38:41.6759838Z             [
2026-10-06T14:38:41.6759949Z                 "--records",
2026-10-06T14:38:41.6760085Z                 str(records_path),
2026-10-06T14:38:41.6760225Z                 "--asset-dir",
2026-10-06T14:38:41.6760362Z                 str(root),
2026-10-06T14:38:41.6760494Z                 "--output-dir",
2026-10-06T14:38:41.6760632Z                 str(root / "resume-run"),
2026-10-06T14:38:41.6760779Z                 "--stage",
2026-10-06T14:38:41.6760899Z                 "joint",
2026-10-06T14:38:41.6761018Z                 "--steps",
2026-10-06T14:38:41.6761137Z                 "1",
2026-10-06T14:38:41.6761368Z                 "--batch-size",
2026-10-06T14:38:41.6761492Z                 "5",
2026-10-06T14:38:41.6761611Z                 "--context",
2026-10-06T14:38:41.6761741Z                 "256",
2026-10-06T14:38:41.6761862Z                 "--config",
2026-10-06T14:38:41.6761992Z                 str(config_file(root)),
2026-10-06T14:38:41.6762128Z             ]
2026-10-06T14:38:41.6762271Z         )
2026-10-06T14:38:41.6762374Z         common = [
2026-10-06T14:38:41.6762489Z             "--records",
2026-10-06T14:38:41.6762614Z             str(records_path),
2026-10-06T14:38:41.6762836Z             "--asset-dir",
2026-10-06T14:38:41.6762968Z             str(root),
2026-10-06T14:38:41.6763090Z             "--checkpoint",
2026-10-06T14:38:41.6763232Z             str(root / "resume-run/best.pt"),
2026-10-06T14:38:41.6763393Z             "--max-new-tokens",
2026-10-06T14:38:41.6763520Z             "4",
2026-10-06T14:38:41.6763630Z             "--controls",
2026-10-06T14:38:41.6763748Z             "none",
2026-10-06T14:38:41.6763855Z         ]
2026-10-06T14:38:41.6763984Z         protocol = root / "resume-frozen.json"
2026-10-06T14:38:41.6764335Z         evaluate.main(common + ["--output-dir", str(root / "resume-val"), "--freeze-protocol", str(protocol)])
2026-10-06T14:38:41.6764646Z         original_append = evaluate.EvaluationJournal.append
2026-10-06T14:38:41.6764833Z         first_receipt = None
2026-10-06T14:38:41.6764958Z     
2026-10-06T14:38:41.6765080Z         def stop_after_first_commit(journal, row):
2026-10-06T14:38:41.6765247Z             nonlocal first_receipt
2026-10-06T14:38:41.6765400Z             original_append(journal, row)
2026-10-06T14:38:41.6765555Z             if len(journal.rows) == 1:
2026-10-06T14:38:41.6765733Z                 first_receipt = journal.receipt_path.read_bytes()
2026-10-06T14:38:41.6765938Z             if len(journal.rows) == (2 if recover_tail else 1):
2026-10-06T14:38:41.6766134Z                 journal.request_stop(signal.SIGTERM, None)
2026-10-06T14:38:41.6766296Z     
2026-10-06T14:38:41.6766549Z         monkeypatch.setattr(evaluate.EvaluationJournal, "append", stop_after_first_commit)
2026-10-06T14:38:41.6766796Z >       first = evaluate.main(
2026-10-06T14:38:41.6767037Z             common + ["--split", "test", "--protocol", str(protocol), "--output-dir", str(root / "partial-test")]
2026-10-06T14:38:41.6767282Z         )
2026-10-06T14:38:41.6767343Z 
2026-10-06T14:38:41.6767412Z tests\test_selftrained_training_eval.py:511: 
2026-10-06T14:38:41.6767603Z _ _ _ _ _ _ _ _ _ _ _ _ _ _ _ _ _ _ _ _ _ _ _ _ _ _ _ _ _ _ _ _ _ _ _ _ _ _ _ _
2026-10-06T14:38:41.6767740Z 
2026-10-06T14:38:41.6768158Z argv = ['--records', 'C:\\Users\\runneradmin\\AppData\\Local\\Temp\\pytest-of-runneradmin\\pytest-0\\test_interrupted_test_re...min\\AppData\\Local\\Temp\\pytest-of-runneradmin\\pytest-0\\test_interrupted_test_resumes_1\\resume-run\\best.pt', ...]
2026-10-06T14:38:41.6768625Z 
2026-10-06T14:38:41.6768679Z     def main(argv=None):
2026-10-06T14:38:41.6768819Z         args = parser().parse_args(argv)
2026-10-06T14:38:41.6769072Z         if args.max_new_tokens < 1 or args.threads < 1 or (args.limit is not None and args.limit < 1):
2026-10-06T14:38:41.6769417Z             raise ValueError("generation/threads/limit 必須為正")
2026-10-06T14:38:41.6769703Z         if args.split == "test" and (not args.protocol or args.limit is not None or args.freeze_protocol):
2026-10-06T14:38:41.6770042Z             raise ValueError("test 需要凍結 protocol，不能 limit 或重新凍結")
2026-10-06T14:38:41.6770282Z         if args.freeze_protocol and Path(args.freeze_protocol).exists():
2026-10-06T14:38:41.6770541Z             raise FileExistsError("協定已存在，禁止覆寫")
2026-10-06T14:38:41.6770734Z         if args.freeze_protocol and args.limit is not None:
2026-10-06T14:38:41.6770991Z             raise ValueError("有限 smoke 不能凍結正式 test；請完成 validation")
2026-10-06T14:38:41.6771194Z         torch.set_num_threads(args.threads)
2026-10-06T14:38:41.6771454Z         from tiny_perceptron.selftrained.model import LimitedAssistant, SelftrainedConfig
2026-10-06T14:38:41.6771770Z         from tiny_perceptron.selftrained.tokenizer import CharacterTokenizer
2026-10-06T14:38:41.6771985Z     
2026-10-06T14:38:41.6772091Z         assistant = None
2026-10-06T14:38:41.6772225Z         if args.model_dir:
2026-10-06T14:38:41.6772465Z             from tiny_perceptron.selftrained.inference import InferenceAssistant, verify_export
2026-10-06T14:38:41.6772706Z     
2026-10-06T14:38:41.6772905Z             assistant = InferenceAssistant(args.model_dir, args.asset_dir, device=args.device)
2026-10-06T14:38:41.6773257Z             manifest, _ = verify_export(args.model_dir, manifest_sha256=assistant.receipt["manifest_sha256"])
2026-10-06T14:38:41.6773559Z             for key in ("data_sha256", "asset_sha256", "tokenizer_sha256"):
2026-10-06T14:38:41.6773760Z                 if key not in manifest:
2026-10-06T14:38:41.6774013Z                     raise ValueError(f"安全匯出缺少評估資料身分: {key}；legacy 匯出只可 inference")
2026-10-06T14:38:41.6774233Z             actual_tokenizer_sha = hashlib.sha256(
2026-10-06T14:38:41.6774517Z                 json.dumps(assistant.encoder.tokenizer.to_dict(), ensure_ascii=False, sort_keys=True).encode()
2026-10-06T14:38:41.6774855Z             ).hexdigest()
2026-10-06T14:38:41.6775026Z             if manifest["tokenizer_sha256"] != actual_tokenizer_sha:
2026-10-06T14:38:41.6775301Z                 raise ValueError("安全匯出 tokenizer_sha256 與實際 tokenizer 不同")
2026-10-06T14:38:41.6775544Z             checkpoint = {**manifest, "config": assistant.receipt["config"]}
2026-10-06T14:38:41.6775741Z         else:
2026-10-06T14:38:41.6775936Z             checkpoint = torch.load(args.checkpoint, map_location="cpu", weights_only=False)
2026-10-06T14:38:41.6776206Z         if checkpoint.get("schema") != "selftrained-random-v1":
2026-10-06T14:38:41.6776448Z             raise ValueError("只評估本從零管線 checkpoint")
2026-10-06T14:38:41.6776659Z         if checkpoint.get("preprocess_version") != PREPROCESS_VERSION:
2026-10-06T14:38:41.6777266Z             raise ValueError("checkpoint preprocess_version 與目前模態前處理不同")
2026-10-06T14:38:41.6777481Z         records = read_records(args.records)
2026-10-06T14:38:41.6777673Z         current = protocol_contents(args, checkpoint, records)
2026-10-06T14:38:41.6777861Z         if assistant is not None:
2026-10-06T14:38:41.6777995Z             if (
2026-10-06T14:38:41.6778187Z                 current["inference_manifest_sha256"] != assistant.receipt["manifest_sha256"]
2026-10-06T14:38:41.6778507Z                 or current["safe_weights_sha256"] != assistant.receipt["files"]["model.safetensors"]
2026-10-06T14:38:41.6778740Z             ):
2026-10-06T14:38:41.6778896Z                 raise ValueError("安全匯出在載入後變更")
2026-10-06T14:38:41.6779178Z         if checkpoint["data_sha256"] != current["data_sha256"] or checkpoint["asset_sha256"] != current["asset_sha256"]:
2026-10-06T14:38:41.6779515Z             raise ValueError("checkpoint 訓練資料/資產指紋與評估不同")
2026-10-06T14:38:41.6779685Z         if args.protocol:
2026-10-06T14:38:41.6779845Z             protocol_path = Path(args.protocol).resolve()
2026-10-06T14:38:41.6780079Z             protocol = json.loads(protocol_path.read_text(encoding="utf-8"))
2026-10-06T14:38:41.6780300Z             validate_protocol(protocol, current)
2026-10-06T14:38:41.6780537Z             # 同協定的 test 只能啟動一次；續跑須以 journal 證明已完成 prefix。
2026-10-06T14:38:41.6780801Z             test_marker = protocol_path.with_suffix(protocol_path.suffix + ".test-started.json")
2026-10-06T14:38:41.6781070Z             if args.split == "test" and test_marker.exists():
2026-10-06T14:38:41.6781254Z                 if not args.resume_output:
2026-10-06T14:38:41.6781641Z                     raise FileExistsError("test 已啟動；中斷時只可用 --resume-output 續跑未完成列")
2026-10-06T14:38:41.6781895Z                 marker = json.loads(test_marker.read_text(encoding="utf-8"))
2026-10-06T14:38:41.6782135Z                 if marker["protocol_sha256"] != file_sha256(protocol_path):
2026-10-06T14:38:41.6782391Z                     raise ValueError("既有 test marker 協定不同")
2026-10-06T14:38:41.6782639Z                 latest = Path(marker.get("latest_output_dir", marker["output_dir"])).resolve()
2026-10-06T14:38:41.6783093Z                 if Path(args.resume_output).resolve().parent != latest:
2026-10-06T14:38:41.6783390Z                     raise ValueError("test resume 必須來自最新 partial attempt，禁止從舊輸出分支")
2026-10-06T14:38:41.6783629Z             elif args.split == "test" and args.resume_output:
2026-10-06T14:38:41.6783874Z                 raise ValueError("test resume 缺少既有 protocol marker")
2026-10-06T14:38:41.6784081Z             elif args.split == "test" and not args.resume_output:
2026-10-06T14:38:41.6784293Z                 with test_marker.open("x", encoding="utf-8") as handle:
2026-10-06T14:38:41.6784471Z                     json.dump(
2026-10-06T14:38:41.6784595Z                         {
2026-10-06T14:38:41.6784756Z                             "started_at": dt.datetime.now(dt.UTC).isoformat(),
2026-10-06T14:38:41.6785046Z                             "output_dir": str(Path(args.output_dir).resolve()),
2026-10-06T14:38:41.6785263Z                             "protocol_sha256": file_sha256(protocol_path),
2026-10-06T14:38:41.6785433Z                         },
2026-10-06T14:38:41.6785552Z                         handle,
2026-10-06T14:38:41.6785682Z                         indent=2,
2026-10-06T14:38:41.6785808Z                     )
2026-10-06T14:38:41.6785989Z         selected = [record for record in records if record["split"] == args.split]
2026-10-06T14:38:41.6786193Z         if args.limit:
2026-10-06T14:38:41.6786379Z             # 依 task 輪流選，讓 CPU smoke 不被單一 task 排序占滿。
2026-10-06T14:38:41.6786551Z             tasks = collections.defaultdict(list)
2026-10-06T14:38:41.6786719Z             for record in selected:
2026-10-06T14:38:41.6786871Z                 tasks[record["task"]].append(record)
2026-10-06T14:38:41.6787023Z             ordered = []
2026-10-06T14:38:41.6787185Z             while any(tasks.values()) and len(ordered) < args.limit:
2026-10-06T14:38:41.6787372Z                 for task in sorted(tasks):
2026-10-06T14:38:41.6787546Z                     if tasks[task] and len(ordered) < args.limit:
2026-10-06T14:38:41.6787732Z                         ordered.append(tasks[task].pop(0))
2026-10-06T14:38:41.6787898Z             selected = ordered
2026-10-06T14:38:41.6788026Z         if not selected:
2026-10-06T14:38:41.6788188Z             raise ValueError("沒有評估列")
2026-10-06T14:38:41.6788331Z         if assistant is not None:
2026-10-06T14:38:41.6788498Z             model, encoder = assistant.model, assistant.encoder
2026-10-06T14:38:41.6788665Z         else:
2026-10-06T14:38:41.6788865Z             model = LimitedAssistant(SelftrainedConfig(**checkpoint["config"])).to(args.device)
2026-10-06T14:38:41.6789121Z             model.load_state_dict(checkpoint["model"])
2026-10-06T14:38:41.6789281Z             model.eval()
2026-10-06T14:38:41.6789466Z             tokenizer = CharacterTokenizer.from_dict(checkpoint["tokenizer"])
2026-10-06T14:38:41.6789796Z             encoder = RecordEncoder(tokenizer, args.asset_dir, checkpoint["config"]["max_length"], args.device)
2026-10-06T14:38:41.6790116Z         generator = Generator(model, encoder, args.max_new_tokens)
2026-10-06T14:38:41.6790311Z         output_dir = Path(args.output_dir)
2026-10-06T14:38:41.6790489Z         output_dir.mkdir(parents=True, exist_ok=True)
2026-10-06T14:38:41.6790675Z         output_path = output_dir / "outputs.jsonl"
2026-10-06T14:38:41.6790840Z         if output_path.exists():
2026-10-06T14:38:41.6791059Z             raise FileExistsError("評估 outputs 已存在，請使用新的 output-dir")
2026-10-06T14:38:41.6791273Z         journal = EvaluationJournal(args, current, selected)
2026-10-06T14:38:41.6791445Z         rows = journal.rows
2026-10-06T14:38:41.6791568Z         with journal:
2026-10-06T14:38:41.6791688Z             if args.split == "test":
2026-10-06T14:38:41.6791907Z                 # 先 commit 驗證過的 raw prefix 與初始收據，再允許新 attempt 生成。
2026-10-06T14:38:41.6792116Z                 with journal.receipt_path.open("rb") as handle:
2026-10-06T14:38:41.6792367Z >                   os.fsync(handle.fileno())
2026-10-06T14:38:41.6792537Z E                   OSError: [Errno 9] Bad file descriptor
2026-10-06T14:38:41.6792652Z 
2026-10-06T14:38:41.6792717Z scripts\selftrained\evaluate.py:840: OSError
2026-10-06T14:38:41.6792927Z ---------------------------- Captured stdout call -----------------------------
2026-10-06T14:38:41.6793225Z {"stage": "joint", "step": 1, "loss": 27.052024841308594, "gradient_norm": 6.2734856605529785, "tokens": 158}
2026-10-06T14:38:41.6794108Z {"event": "validation", "step": 1, "validation_loss": 26.704431533813477, "selected": true, "per_task": {"ocr": {"count": 1, "batch_loss_sum": 26.704431533813477}, "text": {"count": 1, "batch_loss_sum": 26.704431533813477}, "tool_call": {"count": 1, "batch_loss_sum": 26.704431533813477}, "vision_clothing": {"count": 1, "batch_loss_sum": 26.704431533813477}, "voice_qa": {"count": 1, "batch_loss_sum": 26.704431533813477}}}
2026-10-06T14:38:41.6799777Z {"schema": "selftrained-random-v1", "stage": "joint", "architecture": "moe", "steps": 1, "tokens": 158, "target_tokens": 64, "train_records": 5, "validation_records": 5, "test_used_for_selection": false, "seed": 20261006, "data_sha256": {"records.jsonl": "859a6e1097db46cfa86c3e2a838a2c7de3821d1cacbda5331729afe0149344e8"}, "tokenizer_sha256": "b436bd2c31f6d509382279bf7753e34272b274bad6f40b3b9d4fb47e5fd1ee2a", "asset_sha256": {"pixels.png": "c80dcfd499d58afb5b783394187ce8a1fc1003e40119032f14e8a7fbec356770", "wave.wav": "8bcaf88f86e1a4b74ccc727205a23039a439ba36209f9fa9e02c060ae30dbd11"}, "config": {"vocab_size": 128, "architecture": "moe", "width": 16, "layers": 1, "heads": 2, "kv_heads": 1, "ffn_hidden": 32, "experts": 2, "top_k": 1, "max_length": 256, "backend": "sdpa", "tied": true, "auxiliary_weight": 0.01, "version": "selftrained_multimodal_v1"}, "selection": "validation_loss (teacher-forced; not generation success)", "best_validation_loss": 26.704431533813477, "seconds": 0.08326449999998431, "total_parameters": 185203, "trainable_parameters": 185203, "freeze_perception_backbones": false, "sampling_mode": "bucket", "tool_loss_weight": 1.0, "numeric_run_loss_weight": 1.0, "language_objective_policy": {"version": "selftrained-language-objective-v1", "training_only": true, "legacy_default_branch": "reuse_original_language_loss_scalar_and_graph", "tool_rows": ["tool_call", "tool_reply:supervision.replay_kind=actual_executor"], "excluded_rows": ["evaluation_only", "supervision.protocol_fixture"], "row_scope": "all_existing_supervised_assistant_targets_in_eligible_row", "numeric_targets": "ASCII_digits_union_immediate_supervised_nondigit_boundary_or_EOS_union_minus_if_next_supervised_digit", "alignment": "RecordEncoder_already_shifted_labels; ignored_gap_breaks_adjacency", "combination": "tool_row_multiplier_times_numeric_multiplier; ignored_labels_zero", "normalization": "sum(weight_times_token_CE)/sum(weight)", "weighted_reduction_dtype": "float32", "validation_and_selection": "original_unweighted_objective; validation_loss"}, "sampler_policy": {"mode": "bucket", "family_draw_weights": {}, "family_cycle": [], "within_family_bucket_cycles": {}, "within_family_bucket_multiplicities": {}, "tools_task_multiplicities": {}, "record_sampling": "uniform_with_replacement_per_bucket"}, "comparison": {"per_expert_ffn_hidden": 32, "active_ffn_count": 1, "sampling_mode": "bucket", "freeze_perception_backbones": false, "sample_draws": 5, "input_tokens_observed": 158, "pairing_requires": "same data/tokenizer/seed/sampler/backbone options; compare actual draws and input tokens in both receipts"}, "origin": {"kind": "all-neural-weights-random", "seed": 20261006}, "stage_history": [], "interrupted": false, "completed_requested_steps": true, "selected_checkpoint_available": true, "inference_exported": true}
2026-10-06T14:38:41.6812750Z {"version": "selftrained-generation-v2", "split": "validation", "count": 5, "limited_smoke": false, "evaluation_complete": true, "expected_count": 5, "resumed_completed_count": 0, "recovered_complete_tail_count": 0, "interrupted": false, "checkpoint_sha256": "b6c3a7a40cd940ed81e4843d7bf0e57e10c94d5b6c90d6c556d70d0217b75938", "weight_source": "private_checkpoint", "safe_weights_sha256": null, "inference_manifest_sha256": null, "selected_checkpoint_sha256": null, "protocol": null, "teacher_forcing_used_for_generation": false, "thresholds": {"text_semantic_per_intent": 0.8, "format": 0.9, "vision_per_class_relation": 0.8, "ocr_cer_max": 0.1, "ocr_exact": 0.8, "voice_per_intent": 0.8, "tool_roundtrip": 0.95, "unsupported_clarification": 0.8}, "per_task_final_reply": {"ocr": {"count": 1, "source_groups": 1, "recording_assets": 0, "image_assets": 1, "exact": {"numerator": 0, "denominator": 1, "rate": 0.0}, "semantic": {"numerator": 0, "denominator": 1, "rate": 0.0}, "tool_requested": {"numerator": 0, "denominator": 1, "rate": 0.0}, "unexpected_tool_requested": {"numerator": 0, "denominator": 1, "rate": 0.0}, "final_cer": 2.0}, "text": {"count": 1, "source_groups": 1, "recording_assets": 0, "image_assets": 0, "exact": {"numerator": 0, "denominator": 1, "rate": 0.0}, "semantic": {"numerator": 0, "denominator": 1, "rate": 0.0}, "tool_requested": {"numerator": 0, "denominator": 1, "rate": 0.0}, "unexpected_tool_requested": {"numerator": 0, "denominator": 1, "rate": 0.0}}, "tool_call": {"count": 1, "source_groups": 1, "recording_assets": 0, "image_assets": 0, "exact": {"numerator": 0, "denominator": 1, "rate": 0.0}, "semantic": {"numerator": 0, "denominator": 1, "rate": 0.0}, "tool_parameters": {"numerator": 0, "denominator": 1, "rate": 0.0}, "tool_valid": {"numerator": 0, "denominator": 1, "rate": 0.0}, "tool_executed": {"numerator": 0, "denominator": 1, "rate": 0.0}, "tool_final": {"numerator": 0, "denominator": 1, "rate": 0.0}, "tool_roundtrip": {"numerator": 0, "denominator": 1, "rate": 0.0}, "tool_requested": {"numerator": 0, "denominator": 1, "rate": 0.0}, "unexpected_tool_requested": {"numerator": 0, "denominator": 1, "rate": 0.0}}, "vision_clothing": {"count": 1, "source_groups": 1, "recording_assets": 0, "image_assets": 1, "exact": {"numerator": 0, "denominator": 1, "rate": 0.0}, "semantic": {"numerator": 0, "denominator": 1, "rate": 0.0}, "tool_requested": {"numerator": 0, "denominator": 1, "rate": 0.0}, "unexpected_tool_requested": {"numerator": 0, "denominator": 1, "rate": 0.0}}, "voice_qa": {"count": 1, "source_groups": 1, "recording_assets": 1, "image_assets": 0, "exact": {"numerator": 0, "denominator": 1, "rate": 0.0}, "semantic": {"numerator": 0, "denominator": 1, "rate": 0.0}, "tool_requested": {"numerator": 0, "denominator": 1, "rate": 0.0}, "unexpected_tool_requested": {"numerator": 0, "denominator": 1, "rate": 0.0}}}, "stratified_final_reply": {"vision_clothing/query_class=0": {"count": 1, "source_groups": 1, "recording_assets": 0, "semantic_numerator": 0, "semantic_rate": 0.0, "exact_numerator": 0, "exact_rate": 0.0, "format_numerator": 0, "format_denominator": 0}, "voice_qa/intent=address": {"count": 1, "source_groups": 1, "recording_assets": 1, "semantic_numerator": 0, "semantic_rate": 0.0, "exact_numerator": 0, "exact_rate": 0.0, "format_numerator": 0, "format_denominator": 0}}, "perception": {"audio_intent_0": {"numerator": 1, "denominator": 1, "rate": 1.0}, "image_class_0": {"numerator": 0, "denominator": 1, "rate": 0.0}, "image_class_1": {"numerator": 0, "denominator": 1, "rate": 0.0}, "ocr": {"cer": 2.0, "exact_numerator": 0, "denominator": 1, "exact_rate": 0.0}}, "controls": {"paired": {}, "zero_modality": {"count": 0, "changed": 0}, "tool_return_dependency": {"count": 0, "correct": 0}}, "routing": [{"counts": [61, 33], "fractions": [0.648936170212766, 0.35106382978723405], "max_expert_fraction": 0.648936170212766, "unused_experts": 0}], "voice_topic_continuation": {"count": 0, "source_groups": 0, "recording_assets": 0, "first_semantic_correct": 0, "first_format_correct": 0, "final_semantic_correct": 0, "final_format_correct": 0, "end_to_end_semantic_correct": 0, "end_to_end_format_correct": 0, "end_to_end_correct": 0, "history_source": "actual first model generation, no demonstrated answer"}, "generation_budget": {"policy": "full-history-ceiling-min-remaining-context-v1", "main_reply_failure_rows": 0, "perception_failure_rows": 0, "exhausted_attempts": 0, "capped_neural_generations": 0}, "voice_scope": "MInDS-14 source-internal finite intent demonstration; no speaker-disjoint generalization claim", "notes": "Keyword/exact rubrics are mechanically scored and raw outputs remain available for review; test never selects checkpoint."}
2026-10-06T14:38:41.6820854Z _ test_protocol_binds_shared_attention_logmel_and_inference_sources[tiny_perceptron/attention.py-key_positions[None, :] <= query_positions[:, None]-key_positions[None, :] < query_positions[:, None]] _
2026-10-06T14:38:41.6821243Z 
2026-10-06T14:38:41.6821576Z tmp_path = WindowsPath('C:/Users/runneradmin/AppData/Local/Temp/pytest-of-runneradmin/pytest-0/test_protocol_binds_shared_att0')
2026-10-06T14:38:41.6822027Z monkeypatch = <_pytest.monkeypatch.MonkeyPatch object at 0x0000018FF57358D0>
2026-10-06T14:38:41.6822270Z shared_path = 'tiny_perceptron/attention.py'
2026-10-06T14:38:41.6822476Z before = 'key_positions[None, :] <= query_positions[:, None]'
2026-10-06T14:38:41.6822692Z after = 'key_positions[None, :] < query_positions[:, None]'
2026-10-06T14:38:41.6822820Z 
2026-10-06T14:38:41.6822880Z     @pytest.mark.parametrize(
2026-10-06T14:38:41.6823107Z         "shared_path,before,after",
2026-10-06T14:38:41.6823250Z         [
2026-10-06T14:38:41.6823346Z             (
2026-10-06T14:38:41.6823466Z                 "tiny_perceptron/attention.py",
2026-10-06T14:38:41.6823654Z                 "key_positions[None, :] <= query_positions[:, None]",
2026-10-06T14:38:41.6823862Z                 "key_positions[None, :] < query_positions[:, None]",
2026-10-06T14:38:41.6824036Z             ),
2026-10-06T14:38:41.6824235Z             ("tiny_perceptron/multimodal.py", "clamp(min=1e-8).log()", "clamp(min=1e-4).log()"),
2026-10-06T14:38:41.6824457Z         ],
2026-10-06T14:38:41.6824552Z     )
2026-10-06T14:38:41.6824717Z     def test_protocol_binds_shared_attention_logmel_and_inference_sources(
2026-10-06T14:38:41.6824957Z         tmp_path, monkeypatch, shared_path, before, after
2026-10-06T14:38:41.6825117Z     ):
2026-10-06T14:38:41.6825260Z         repository = Path(evaluate.__file__).resolve().parents[2]
2026-10-06T14:38:41.6825457Z         snapshot = tmp_path / "runtime"
2026-10-06T14:38:41.6825656Z         paths = list((repository / "tiny_perceptron").rglob("*.py"))
2026-10-06T14:38:41.6825971Z         paths += [repository / "scripts/selftrained" / name for name in ("train.py", "evaluate.py", "chat.py")]
2026-10-06T14:38:41.6826241Z         for source in paths:
2026-10-06T14:38:41.6826414Z             destination = snapshot / source.relative_to(repository)
2026-10-06T14:38:41.6826648Z             destination.parent.mkdir(parents=True, exist_ok=True)
2026-10-06T14:38:41.6826853Z             destination.write_bytes(source.read_bytes())
2026-10-06T14:38:41.6827124Z         monkeypatch.setattr(evaluate, "__file__", str(snapshot / "scripts/selftrained/evaluate.py"))
2026-10-06T14:38:41.6827390Z         original = evaluate.code_fingerprints()
2026-10-06T14:38:41.6827547Z         for dependency in (
2026-10-06T14:38:41.6827698Z             "tiny_perceptron/model.py",
2026-10-06T14:38:41.6827859Z             "tiny_perceptron/modern.py",
2026-10-06T14:38:41.6828026Z             "tiny_perceptron/data.py",
2026-10-06T14:38:41.6828194Z             "tiny_perceptron/multimodal.py",
2026-10-06T14:38:41.6828364Z             "tiny_perceptron/attention.py",
2026-10-06T14:38:41.6828539Z             "tiny_perceptron/selftrained/inference.py",
2026-10-06T14:38:41.6828711Z             "scripts/selftrained/chat.py",
2026-10-06T14:38:41.6828853Z         ):
2026-10-06T14:38:41.6828962Z >           assert dependency in original
2026-10-06T14:38:41.6829653Z E           AssertionError: assert 'tiny_perceptron/model.py' in {'tiny_perceptron\\__init__.py': 'ce17ebcc47c0ca854b2af44292178e629d2c340356460e6b853eb4e0a876a496', 'tiny_perceptron\...e1dd096a861a79', 'tiny_perceptron\\assets.py': '6e28b3310a84a2aaf59583bce6a0c65ce607695d7a8ba3d3db2e57d5949b7cd3', ...}
2026-10-06T14:38:41.6830324Z 
2026-10-06T14:38:41.6830416Z tests\test_selftrained_training_eval.py:595: AssertionError
2026-10-06T14:38:41.6830813Z _ test_protocol_binds_shared_attention_logmel_and_inference_sources[tiny_perceptron/multimodal.py-clamp(min=1e-8).log()-clamp(min=1e-4).log()] _
2026-10-06T14:38:41.6831121Z 
2026-10-06T14:38:41.6831342Z tmp_path = WindowsPath('C:/Users/runneradmin/AppData/Local/Temp/pytest-of-runneradmin/pytest-0/test_protocol_binds_shared_att1')
2026-10-06T14:38:41.6831734Z monkeypatch = <_pytest.monkeypatch.MonkeyPatch object at 0x0000018FF5734B40>
2026-10-06T14:38:41.6832039Z shared_path = 'tiny_perceptron/multimodal.py', before = 'clamp(min=1e-8).log()'
2026-10-06T14:38:41.6832264Z after = 'clamp(min=1e-4).log()'
2026-10-06T14:38:41.6832351Z 
2026-10-06T14:38:41.6832474Z     @pytest.mark.parametrize(
2026-10-06T14:38:41.6832621Z         "shared_path,before,after",
2026-10-06T14:38:41.6832755Z         [
2026-10-06T14:38:41.6832847Z             (
2026-10-06T14:38:41.6832966Z                 "tiny_perceptron/attention.py",
2026-10-06T14:38:41.6833153Z                 "key_positions[None, :] <= query_positions[:, None]",
2026-10-06T14:38:41.6833369Z                 "key_positions[None, :] < query_positions[:, None]",
2026-10-06T14:38:41.6833542Z             ),
2026-10-06T14:38:41.6833735Z             ("tiny_perceptron/multimodal.py", "clamp(min=1e-8).log()", "clamp(min=1e-4).log()"),
2026-10-06T14:38:41.6833964Z         ],
2026-10-06T14:38:41.6834054Z     )
2026-10-06T14:38:41.6834213Z     def test_protocol_binds_shared_attention_logmel_and_inference_sources(
2026-10-06T14:38:41.6834447Z         tmp_path, monkeypatch, shared_path, before, after
2026-10-06T14:38:41.6834613Z     ):
2026-10-06T14:38:41.6834753Z         repository = Path(evaluate.__file__).resolve().parents[2]
2026-10-06T14:38:41.6834957Z         snapshot = tmp_path / "runtime"
2026-10-06T14:38:41.6835146Z         paths = list((repository / "tiny_perceptron").rglob("*.py"))
2026-10-06T14:38:41.6835459Z         paths += [repository / "scripts/selftrained" / name for name in ("train.py", "evaluate.py", "chat.py")]
2026-10-06T14:38:41.6835732Z         for source in paths:
2026-10-06T14:38:41.6835902Z             destination = snapshot / source.relative_to(repository)
2026-10-06T14:38:41.6836131Z             destination.parent.mkdir(parents=True, exist_ok=True)
2026-10-06T14:38:41.6836351Z             destination.write_bytes(source.read_bytes())
2026-10-06T14:38:41.6836647Z         monkeypatch.setattr(evaluate, "__file__", str(snapshot / "scripts/selftrained/evaluate.py"))
2026-10-06T14:38:41.6836921Z         original = evaluate.code_fingerprints()
2026-10-06T14:38:41.6837078Z         for dependency in (
2026-10-06T14:38:41.6837212Z             "tiny_perceptron/model.py",
2026-10-06T14:38:41.6837363Z             "tiny_perceptron/modern.py",
2026-10-06T14:38:41.6837534Z             "tiny_perceptron/data.py",
2026-10-06T14:38:41.6837702Z             "tiny_perceptron/multimodal.py",
2026-10-06T14:38:41.6837870Z             "tiny_perceptron/attention.py",
2026-10-06T14:38:41.6838043Z             "tiny_perceptron/selftrained/inference.py",
2026-10-06T14:38:41.6838222Z             "scripts/selftrained/chat.py",
2026-10-06T14:38:41.6838361Z         ):
2026-10-06T14:38:41.6838467Z >           assert dependency in original
2026-10-06T14:38:41.6839112Z E           AssertionError: assert 'tiny_perceptron/model.py' in {'tiny_perceptron\\__init__.py': 'ce17ebcc47c0ca854b2af44292178e629d2c340356460e6b853eb4e0a876a496', 'tiny_perceptron\...e1dd096a861a79', 'tiny_perceptron\\assets.py': '6e28b3310a84a2aaf59583bce6a0c65ce607695d7a8ba3d3db2e57d5949b7cd3', ...}
2026-10-06T14:38:41.6839708Z 
2026-10-06T14:38:41.6839797Z tests\test_selftrained_training_eval.py:595: AssertionError
2026-10-06T14:38:41.6840051Z ______ test_local_test_resume_only_advances_newest_three_record_lineage _______
2026-10-06T14:38:41.6840290Z 
2026-10-06T14:38:41.6840741Z corpus = (WindowsPath('C:/Users/runneradmin/AppData/Local/Temp/pytest-of-runneradmin/pytest-0/test_local_test_resume_only_ad0').....}, {'id': 'validation-text', 'group_id': 'source-validation-text', 'split': 'validation', 'task': 'text', ...}, ...])
2026-10-06T14:38:41.6841347Z monkeypatch = <_pytest.monkeypatch.MonkeyPatch object at 0x0000018FF38C4210>
2026-10-06T14:38:41.6841771Z capsys = <_pytest.capture.CaptureFixture object at 0x0000018FF59AE1D0>
2026-10-06T14:38:41.6841934Z 
2026-10-06T14:38:41.6842094Z     def test_local_test_resume_only_advances_newest_three_record_lineage(corpus, monkeypatch, capsys):
2026-10-06T14:38:41.6842364Z         root, records_path, records = corpus
2026-10-06T14:38:41.6842603Z         records = [record for record in records if record["task"] in ("text", "ocr", "voice_qa")]
2026-10-06T14:38:41.6843035Z         records_path.write_text("\n".join(json.dumps(record, ensure_ascii=False) for record in records) + "\n")
2026-10-06T14:38:41.6843418Z         model_dir = root / "lineage-model"
2026-10-06T14:38:41.6843571Z         train.main(
2026-10-06T14:38:41.6843679Z             [
2026-10-06T14:38:41.6843784Z                 "--records",
2026-10-06T14:38:41.6843930Z                 str(records_path),
2026-10-06T14:38:41.6844078Z                 "--asset-dir",
2026-10-06T14:38:41.6844208Z                 str(root),
2026-10-06T14:38:41.6844336Z                 "--output-dir",
2026-10-06T14:38:41.6844463Z                 str(model_dir),
2026-10-06T14:38:41.6844588Z                 "--stage",
2026-10-06T14:38:41.6844706Z                 "joint",
2026-10-06T14:38:41.6844821Z                 "--steps",
2026-10-06T14:38:41.6844934Z                 "1",
2026-10-06T14:38:41.6845048Z                 "--batch-size",
2026-10-06T14:38:41.6845169Z                 "3",
2026-10-06T14:38:41.6845283Z                 "--context",
2026-10-06T14:38:41.6845408Z                 "256",
2026-10-06T14:38:41.6845526Z                 "--config",
2026-10-06T14:38:41.6845655Z                 str(config_file(root)),
2026-10-06T14:38:41.6845794Z                 "--threads",
2026-10-06T14:38:41.6845912Z                 "2",
2026-10-06T14:38:41.6846029Z                 "--export-inference",
2026-10-06T14:38:41.6846162Z             ]
2026-10-06T14:38:41.6846262Z         )
2026-10-06T14:38:41.6846365Z         common = [
2026-10-06T14:38:41.6846475Z             "--records",
2026-10-06T14:38:41.6846598Z             str(records_path),
2026-10-06T14:38:41.6846729Z             "--asset-dir",
2026-10-06T14:38:41.6846844Z             str(root),
2026-10-06T14:38:41.6846962Z             "--model-dir",
2026-10-06T14:38:41.6847078Z             str(model_dir),
2026-10-06T14:38:41.6847204Z             "--max-new-tokens",
2026-10-06T14:38:41.6847327Z             "2",
2026-10-06T14:38:41.6847435Z             "--controls",
2026-10-06T14:38:41.6847552Z             "none",
2026-10-06T14:38:41.6847672Z             "--threads",
2026-10-06T14:38:41.6847788Z             "2",
2026-10-06T14:38:41.6847889Z         ]
2026-10-06T14:38:41.6848012Z         protocol = root / "lineage-frozen.json"
2026-10-06T14:38:41.6848291Z         evaluate.main(common + ["--output-dir", str(root / "lineage-val"), "--freeze-protocol", str(protocol)])
2026-10-06T14:38:41.6848625Z         marker_path = protocol.with_suffix(protocol.suffix + ".test-started.json")
2026-10-06T14:38:41.6848978Z         original_append, original_generate = evaluate.EvaluationJournal.append, evaluate.Generator.generate
2026-10-06T14:38:41.6849264Z         generated = []
2026-10-06T14:38:41.6849397Z         expected_output = root / "partial-one"
2026-10-06T14:38:41.6849543Z     
2026-10-06T14:38:41.6849693Z         def observed_generate(self, record, messages, override=None):
2026-10-06T14:38:41.6850057Z             # Marker 必須在這次 attempt 的第一個真神經生成之前已經前進。
2026-10-06T14:38:41.6850248Z             marker = json.loads(marker_path.read_text())
2026-10-06T14:38:41.6850488Z             assert Path(marker["latest_output_dir"]) == expected_output.resolve()
2026-10-06T14:38:41.6850771Z             generated.append(record["id"])
2026-10-06T14:38:41.6850968Z             return original_generate(self, record, messages, override)
2026-10-06T14:38:41.6851155Z     
2026-10-06T14:38:41.6851255Z         def stop_at_count(count):
2026-10-06T14:38:41.6851395Z             def append(self, row):
2026-10-06T14:38:41.6851540Z                 original_append(self, row)
2026-10-06T14:38:41.6851697Z                 if len(self.rows) == count:
2026-10-06T14:38:41.6851859Z                     self.stop_requested = True
2026-10-06T14:38:41.6852004Z     
2026-10-06T14:38:41.6852105Z             return append
2026-10-06T14:38:41.6852303Z     
2026-10-06T14:38:41.6852619Z         monkeypatch.setattr(evaluate.Generator, "generate", observed_generate)
2026-10-06T14:38:41.6853060Z         monkeypatch.setattr(evaluate.EvaluationJournal, "append", stop_at_count(1))
2026-10-06T14:38:41.6853423Z         test_args = common + ["--split", "test", "--protocol", str(protocol)]
2026-10-06T14:38:41.6853765Z >       first = evaluate.main(test_args + ["--output-dir", str(expected_output)])
2026-10-06T14:38:41.6854097Z                 ^^^^^^^^^^^^^^^^^^^^^^^^^^^^^^^^^^^^^^^^^^^^^^^^^^^^^^^^^^^^^^^^^
2026-10-06T14:38:41.6854237Z 
2026-10-06T14:38:41.6854343Z tests\test_selftrained_training_eval.py:815: 
2026-10-06T14:38:41.6854605Z _ _ _ _ _ _ _ _ _ _ _ _ _ _ _ _ _ _ _ _ _ _ _ _ _ _ _ _ _ _ _ _ _ _ _ _ _ _ _ _
2026-10-06T14:38:41.6854750Z 
2026-10-06T14:38:41.6855231Z argv = ['--records', 'C:\\Users\\runneradmin\\AppData\\Local\\Temp\\pytest-of-runneradmin\\pytest-0\\test_local_test_resume_o...nneradmin\\AppData\\Local\\Temp\\pytest-of-runneradmin\\pytest-0\\test_local_test_resume_only_ad0\\lineage-model', ...]
2026-10-06T14:38:41.6855748Z 
2026-10-06T14:38:41.6855823Z     def main(argv=None):
2026-10-06T14:38:41.6856024Z         args = parser().parse_args(argv)
2026-10-06T14:38:41.6856348Z         if args.max_new_tokens < 1 or args.threads < 1 or (args.limit is not None and args.limit < 1):
2026-10-06T14:38:41.6869923Z             raise ValueError("generation/threads/limit 必須為正")
2026-10-06T14:38:41.6870232Z         if args.split == "test" and (not args.protocol or args.limit is not None or args.freeze_protocol):
2026-10-06T14:38:41.6870606Z             raise ValueError("test 需要凍結 protocol，不能 limit 或重新凍結")
2026-10-06T14:38:41.6870850Z         if args.freeze_protocol and Path(args.freeze_protocol).exists():
2026-10-06T14:38:41.6871101Z             raise FileExistsError("協定已存在，禁止覆寫")
2026-10-06T14:38:41.6871288Z         if args.freeze_protocol and args.limit is not None:
2026-10-06T14:38:41.6871561Z             raise ValueError("有限 smoke 不能凍結正式 test；請完成 validation")
2026-10-06T14:38:41.6871756Z         torch.set_num_threads(args.threads)
2026-10-06T14:38:41.6872006Z         from tiny_perceptron.selftrained.model import LimitedAssistant, SelftrainedConfig
2026-10-06T14:38:41.6872340Z         from tiny_perceptron.selftrained.tokenizer import CharacterTokenizer
2026-10-06T14:38:41.6872554Z     
2026-10-06T14:38:41.6872657Z         assistant = None
2026-10-06T14:38:41.6872786Z         if args.model_dir:
2026-10-06T14:38:41.6873019Z             from tiny_perceptron.selftrained.inference import InferenceAssistant, verify_export
2026-10-06T14:38:41.6873265Z     
2026-10-06T14:38:41.6873465Z             assistant = InferenceAssistant(args.model_dir, args.asset_dir, device=args.device)
2026-10-06T14:38:41.6873820Z             manifest, _ = verify_export(args.model_dir, manifest_sha256=assistant.receipt["manifest_sha256"])
2026-10-06T14:38:41.6874130Z             for key in ("data_sha256", "asset_sha256", "tokenizer_sha256"):
2026-10-06T14:38:41.6874342Z                 if key not in manifest:
2026-10-06T14:38:41.6874599Z                     raise ValueError(f"安全匯出缺少評估資料身分: {key}；legacy 匯出只可 inference")
2026-10-06T14:38:41.6874820Z             actual_tokenizer_sha = hashlib.sha256(
2026-10-06T14:38:41.6875104Z                 json.dumps(assistant.encoder.tokenizer.to_dict(), ensure_ascii=False, sort_keys=True).encode()
2026-10-06T14:38:41.6876175Z             ).hexdigest()
2026-10-06T14:38:41.6876346Z             if manifest["tokenizer_sha256"] != actual_tokenizer_sha:
2026-10-06T14:38:41.6876631Z                 raise ValueError("安全匯出 tokenizer_sha256 與實際 tokenizer 不同")
2026-10-06T14:38:41.6876873Z             checkpoint = {**manifest, "config": assistant.receipt["config"]}
2026-10-06T14:38:41.6877074Z         else:
2026-10-06T14:38:41.6877280Z             checkpoint = torch.load(args.checkpoint, map_location="cpu", weights_only=False)
2026-10-06T14:38:41.6877554Z         if checkpoint.get("schema") != "selftrained-random-v1":
2026-10-06T14:38:41.6877795Z             raise ValueError("只評估本從零管線 checkpoint")
2026-10-06T14:38:41.6878010Z         if checkpoint.get("preprocess_version") != PREPROCESS_VERSION:
2026-10-06T14:38:41.6878390Z             raise ValueError("checkpoint preprocess_version 與目前模態前處理不同")
2026-10-06T14:38:41.6878602Z         records = read_records(args.records)
2026-10-06T14:38:41.6878791Z         current = protocol_contents(args, checkpoint, records)
2026-10-06T14:38:41.6878985Z         if assistant is not None:
2026-10-06T14:38:41.6879154Z             if (
2026-10-06T14:38:41.6879445Z                 current["inference_manifest_sha256"] != assistant.receipt["manifest_sha256"]
2026-10-06T14:38:41.6879759Z                 or current["safe_weights_sha256"] != assistant.receipt["files"]["model.safetensors"]
2026-10-06T14:38:41.6879986Z             ):
2026-10-06T14:38:41.6880149Z                 raise ValueError("安全匯出在載入後變更")
2026-10-06T14:38:41.6880428Z         if checkpoint["data_sha256"] != current["data_sha256"] or checkpoint["asset_sha256"] != current["asset_sha256"]:
2026-10-06T14:38:41.6880895Z             raise ValueError("checkpoint 訓練資料/資產指紋與評估不同")
2026-10-06T14:38:41.6881065Z         if args.protocol:
2026-10-06T14:38:41.6881221Z             protocol_path = Path(args.protocol).resolve()
2026-10-06T14:38:41.6881447Z             protocol = json.loads(protocol_path.read_text(encoding="utf-8"))
2026-10-06T14:38:41.6881657Z             validate_protocol(protocol, current)
2026-10-06T14:38:41.6881892Z             # 同協定的 test 只能啟動一次；續跑須以 journal 證明已完成 prefix。
2026-10-06T14:38:41.6882142Z             test_marker = protocol_path.with_suffix(protocol_path.suffix + ".test-started.json")
2026-10-06T14:38:41.6882411Z             if args.split == "test" and test_marker.exists():
2026-10-06T14:38:41.6882589Z                 if not args.resume_output:
2026-10-06T14:38:41.6882851Z                     raise FileExistsError("test 已啟動；中斷時只可用 --resume-output 續跑未完成列")
2026-10-06T14:38:41.6883105Z                 marker = json.loads(test_marker.read_text(encoding="utf-8"))
2026-10-06T14:38:41.6883341Z                 if marker["protocol_sha256"] != file_sha256(protocol_path):
2026-10-06T14:38:41.6883590Z                     raise ValueError("既有 test marker 協定不同")
2026-10-06T14:38:41.6883839Z                 latest = Path(marker.get("latest_output_dir", marker["output_dir"])).resolve()
2026-10-06T14:38:41.6884106Z                 if Path(args.resume_output).resolve().parent != latest:
2026-10-06T14:38:41.6884395Z                     raise ValueError("test resume 必須來自最新 partial attempt，禁止從舊輸出分支")
2026-10-06T14:38:41.6884624Z             elif args.split == "test" and args.resume_output:
2026-10-06T14:38:41.6884864Z                 raise ValueError("test resume 缺少既有 protocol marker")
2026-10-06T14:38:41.6885071Z             elif args.split == "test" and not args.resume_output:
2026-10-06T14:38:41.6885288Z                 with test_marker.open("x", encoding="utf-8") as handle:
2026-10-06T14:38:41.6885469Z                     json.dump(
2026-10-06T14:38:41.6885596Z                         {
2026-10-06T14:38:41.6885752Z                             "started_at": dt.datetime.now(dt.UTC).isoformat(),
2026-10-06T14:38:41.6885980Z                             "output_dir": str(Path(args.output_dir).resolve()),
2026-10-06T14:38:41.6886274Z                             "protocol_sha256": file_sha256(protocol_path),
2026-10-06T14:38:41.6886447Z                         },
2026-10-06T14:38:41.6886566Z                         handle,
2026-10-06T14:38:41.6886695Z                         indent=2,
2026-10-06T14:38:41.6886821Z                     )
2026-10-06T14:38:41.6887008Z         selected = [record for record in records if record["split"] == args.split]
2026-10-06T14:38:41.6887210Z         if args.limit:
2026-10-06T14:38:41.6887394Z             # 依 task 輪流選，讓 CPU smoke 不被單一 task 排序占滿。
2026-10-06T14:38:41.6887566Z             tasks = collections.defaultdict(list)
2026-10-06T14:38:41.6887728Z             for record in selected:
2026-10-06T14:38:41.6887882Z                 tasks[record["task"]].append(record)
2026-10-06T14:38:41.6888038Z             ordered = []
2026-10-06T14:38:41.6888269Z             while any(tasks.values()) and len(ordered) < args.limit:
2026-10-06T14:38:41.6888456Z                 for task in sorted(tasks):
2026-10-06T14:38:41.6888634Z                     if tasks[task] and len(ordered) < args.limit:
2026-10-06T14:38:41.6888824Z                         ordered.append(tasks[task].pop(0))
2026-10-06T14:38:41.6888987Z             selected = ordered
2026-10-06T14:38:41.6889118Z         if not selected:
2026-10-06T14:38:41.6889277Z             raise ValueError("沒有評估列")
2026-10-06T14:38:41.6889422Z         if assistant is not None:
2026-10-06T14:38:41.6889587Z             model, encoder = assistant.model, assistant.encoder
2026-10-06T14:38:41.6889758Z         else:
2026-10-06T14:38:41.6889959Z             model = LimitedAssistant(SelftrainedConfig(**checkpoint["config"])).to(args.device)
2026-10-06T14:38:41.6890222Z             model.load_state_dict(checkpoint["model"])
2026-10-06T14:38:41.6890383Z             model.eval()
2026-10-06T14:38:41.6890565Z             tokenizer = CharacterTokenizer.from_dict(checkpoint["tokenizer"])
2026-10-06T14:38:41.6890888Z             encoder = RecordEncoder(tokenizer, args.asset_dir, checkpoint["config"]["max_length"], args.device)
2026-10-06T14:38:41.6891200Z         generator = Generator(model, encoder, args.max_new_tokens)
2026-10-06T14:38:41.6891398Z         output_dir = Path(args.output_dir)
2026-10-06T14:38:41.6891570Z         output_dir.mkdir(parents=True, exist_ok=True)
2026-10-06T14:38:41.6891751Z         output_path = output_dir / "outputs.jsonl"
2026-10-06T14:38:41.6891914Z         if output_path.exists():
2026-10-06T14:38:41.6892137Z             raise FileExistsError("評估 outputs 已存在，請使用新的 output-dir")
2026-10-06T14:38:41.6892349Z         journal = EvaluationJournal(args, current, selected)
2026-10-06T14:38:41.6892524Z         rows = journal.rows
2026-10-06T14:38:41.6892645Z         with journal:
2026-10-06T14:38:41.6892767Z             if args.split == "test":
2026-10-06T14:38:41.6892985Z                 # 先 commit 驗證過的 raw prefix 與初始收據，再允許新 attempt 生成。
2026-10-06T14:38:41.6893193Z                 with journal.receipt_path.open("rb") as handle:
2026-10-06T14:38:41.6893375Z >                   os.fsync(handle.fileno())
2026-10-06T14:38:41.6893546Z E                   OSError: [Errno 9] Bad file descriptor
2026-10-06T14:38:41.6893668Z 
2026-10-06T14:38:41.6893737Z scripts\selftrained\evaluate.py:840: OSError
2026-10-06T14:38:41.6893945Z ---------------------------- Captured stdout call -----------------------------
2026-10-06T14:38:41.6894244Z {"stage": "joint", "step": 1, "loss": 30.481796264648438, "gradient_norm": 9.604145050048828, "tokens": 81}
2026-10-06T14:38:41.6894860Z {"event": "validation", "step": 1, "validation_loss": 29.883712768554688, "selected": true, "per_task": {"ocr": {"count": 1, "batch_loss_sum": 29.883712768554688}, "text": {"count": 1, "batch_loss_sum": 29.883712768554688}, "voice_qa": {"count": 1, "batch_loss_sum": 29.883712768554688}}}
2026-10-06T14:38:41.6900516Z {"schema": "selftrained-random-v1", "stage": "joint", "architecture": "moe", "steps": 1, "tokens": 81, "target_tokens": 9, "train_records": 3, "validation_records": 3, "test_used_for_selection": false, "seed": 20261006, "data_sha256": {"records.jsonl": "2c45b0ced23e61c0c3e535f03b62c82f791faf06a113a5e2132fc673cd663e5e"}, "tokenizer_sha256": "d306c0f8173dc080c2a5e221fec1cffc98d32d8e0d2de85c0c25d56f463ec419", "asset_sha256": {"pixels.png": "c80dcfd499d58afb5b783394187ce8a1fc1003e40119032f14e8a7fbec356770", "wave.wav": "8bcaf88f86e1a4b74ccc727205a23039a439ba36209f9fa9e02c060ae30dbd11"}, "config": {"vocab_size": 123, "architecture": "moe", "width": 16, "layers": 1, "heads": 2, "kv_heads": 1, "ffn_hidden": 32, "experts": 2, "top_k": 1, "max_length": 256, "backend": "sdpa", "tied": true, "auxiliary_weight": 0.01, "version": "selftrained_multimodal_v1"}, "selection": "validation_loss (teacher-forced; not generation success)", "best_validation_loss": 29.883712768554688, "seconds": 0.07419299999997975, "total_parameters": 185123, "trainable_parameters": 185123, "freeze_perception_backbones": false, "sampling_mode": "bucket", "tool_loss_weight": 1.0, "numeric_run_loss_weight": 1.0, "language_objective_policy": {"version": "selftrained-language-objective-v1", "training_only": true, "legacy_default_branch": "reuse_original_language_loss_scalar_and_graph", "tool_rows": ["tool_call", "tool_reply:supervision.replay_kind=actual_executor"], "excluded_rows": ["evaluation_only", "supervision.protocol_fixture"], "row_scope": "all_existing_supervised_assistant_targets_in_eligible_row", "numeric_targets": "ASCII_digits_union_immediate_supervised_nondigit_boundary_or_EOS_union_minus_if_next_supervised_digit", "alignment": "RecordEncoder_already_shifted_labels; ignored_gap_breaks_adjacency", "combination": "tool_row_multiplier_times_numeric_multiplier; ignored_labels_zero", "normalization": "sum(weight_times_token_CE)/sum(weight)", "weighted_reduction_dtype": "float32", "validation_and_selection": "original_unweighted_objective; validation_loss"}, "sampler_policy": {"mode": "bucket", "family_draw_weights": {}, "family_cycle": [], "within_family_bucket_cycles": {}, "within_family_bucket_multiplicities": {}, "tools_task_multiplicities": {}, "record_sampling": "uniform_with_replacement_per_bucket"}, "comparison": {"per_expert_ffn_hidden": 32, "active_ffn_count": 1, "sampling_mode": "bucket", "freeze_perception_backbones": false, "sample_draws": 3, "input_tokens_observed": 81, "pairing_requires": "same data/tokenizer/seed/sampler/backbone options; compare actual draws and input tokens in both receipts"}, "origin": {"kind": "all-neural-weights-random", "seed": 20261006}, "stage_history": [], "interrupted": false, "completed_requested_steps": true, "selected_checkpoint_available": true, "inference_exported": true}
2026-10-06T14:38:42.1300308Z {"version": "selftrained-generation-v2", "split": "validation", "count": 3, "limited_smoke": false, "evaluation_complete": true, "expected_count": 3, "resumed_completed_count": 0, "recovered_complete_tail_count": 0, "interrupted": false, "checkpoint_sha256": "3d98363015c6c0df9684bda5e29e25bd96d844b9b8f4b3fc94575b5109d37758", "weight_source": "safe_export", "safe_weights_sha256": "3d98363015c6c0df9684bda5e29e25bd96d844b9b8f4b3fc94575b5109d37758", "inference_manifest_sha256": "de82b38a98b27b80d196bc64c2f09ad6969481d2a83cbbd9ec29cccecff7a62a", "selected_checkpoint_sha256": "18474e690c2e165c94d19feb0621eeb89ddde82699701d32b87389b58a73c598", "protocol": null, "teacher_forcing_used_for_generation": false, "thresholds": {"text_semantic_per_intent": 0.8, "format": 0.9, "vision_per_class_relation": 0.8, "ocr_cer_max": 0.1, "ocr_exact": 0.8, "voice_per_intent": 0.8, "tool_roundtrip": 0.95, "unsupported_clarification": 0.8}, "per_task_final_reply": {"ocr": {"count": 1, "source_groups": 1, "recording_assets": 0, "image_assets": 1, "exact": {"numerator": 0, "denominator": 1, "rate": 0.0}, "semantic": {"numerator": 0, "denominator": 1, "rate": 0.0}, "tool_requested": {"numerator": 0, "denominator": 1, "rate": 0.0}, "unexpected_tool_requested": {"numerator": 0, "denominator": 1, "rate": 0.0}, "final_cer": 1.0}, "text": {"count": 1, "source_groups": 1, "recording_assets": 0, "image_assets": 0, "exact": {"numerator": 0, "denominator": 1, "rate": 0.0}, "semantic": {"numerator": 0, "denominator": 1, "rate": 0.0}, "tool_requested": {"numerator": 0, "denominator": 1, "rate": 0.0}, "unexpected_tool_requested": {"numerator": 0, "denominator": 1, "rate": 0.0}}, "voice_qa": {"count": 1, "source_groups": 1, "recording_assets": 1, "image_assets": 0, "exact": {"numerator": 0, "denominator": 1, "rate": 0.0}, "semantic": {"numerator": 0, "denominator": 1, "rate": 0.0}, "tool_requested": {"numerator": 0, "denominator": 1, "rate": 0.0}, "unexpected_tool_requested": {"numerator": 0, "denominator": 1, "rate": 0.0}}}, "stratified_final_reply": {"voice_qa/intent=address": {"count": 1, "source_groups": 1, "recording_assets": 1, "semantic_numerator": 0, "semantic_rate": 0.0, "exact_numerator": 0, "exact_rate": 0.0, "format_numerator": 0, "format_denominator": 0}}, "perception": {"audio_intent_0": {"numerator": 1, "denominator": 1, "rate": 1.0}, "ocr": {"cer": 1.0, "exact_numerator": 0, "denominator": 1, "exact_rate": 0.0}}, "controls": {"paired": {}, "zero_modality": {"count": 0, "changed": 0}, "tool_return_dependency": {"count": 0, "correct": 0}}, "routing": [{"counts": [41, 31], "fractions": [0.5694444444444444, 0.4305555555555556], "max_expert_fraction": 0.5694444444444444, "unused_experts": 0}], "voice_topic_continuation": {"count": 0, "source_groups": 0, "recording_assets": 0, "first_semantic_correct": 0, "first_format_correct": 0, "final_semantic_correct": 0, "final_format_correct": 0, "end_to_end_semantic_correct": 0, "end_to_end_format_correct": 0, "end_to_end_correct": 0, "history_source": "actual first model generation, no demonstrated answer"}, "generation_budget": {"policy": "full-history-ceiling-min-remaining-context-v1", "main_reply_failure_rows": 0, "perception_failure_rows": 0, "exhausted_attempts": 0, "capped_neural_generations": 0}, "voice_scope": "MInDS-14 source-internal finite intent demonstration; no speaker-disjoint generalization claim", "notes": "Keyword/exact rubrics are mechanically scored and raw outputs remain available for review; test never selects checkpoint."}
2026-10-06T14:38:42.1306570Z - generated xml file: D:\a\tiny-perceptron-vlm\tiny-perceptron-vlm\outputs\pytest-results.xml -
2026-10-06T14:38:42.1306869Z =========================== short test summary info ===========================
2026-10-06T14:38:42.1307377Z FAILED tests/test_selftrained_data_publish.py::test_changed_approved_descriptor_binds_exact_recipe_before_publish - ValueError: File differs from selected committed Git revision
2026-10-06T14:38:42.1308034Z FAILED tests/test_selftrained_data_publish.py::test_missing_pointer_bootstrap_uploads_native_local_lfs_object_without_commit - ValueError: File differs from selected committed Git revision
2026-10-06T14:38:42.1308649Z FAILED tests/test_selftrained_training_eval.py::test_frozen_protocol_rejects_changed_conditions_and_second_test - OSError: [Errno 9] Bad file descriptor
2026-10-06T14:38:42.1309214Z FAILED tests/test_selftrained_training_eval.py::test_interrupted_test_resumes_same_raw_prefix_without_regenerating[False] - OSError: [Errno 9] Bad file descriptor
2026-10-06T14:38:42.1309789Z FAILED tests/test_selftrained_training_eval.py::test_interrupted_test_resumes_same_raw_prefix_without_regenerating[True] - OSError: [Errno 9] Bad file descriptor
2026-10-06T14:38:42.1311049Z FAILED tests/test_selftrained_training_eval.py::test_protocol_binds_shared_attention_logmel_and_inference_sources[tiny_perceptron/attention.py-key_positions[None, :] <= query_positions[:, None]-key_positions[None, :] < query_positions[:, None]] - AssertionError: assert 'tiny_perceptron/model.py' in {'tiny_perceptron\\__init__.py': 'ce17ebcc47c0ca854b2af44292178e629d2c340356460e6b853eb4e0a876a496', 'tiny_perceptron\...e1dd096a861a79', 'tiny_perceptron\\assets.py': '6e28b3310a84a2aaf59583bce6a0c65ce607695d7a8ba3d3db2e57d5949b7cd3', ...}
2026-10-06T14:38:42.1312905Z FAILED tests/test_selftrained_training_eval.py::test_protocol_binds_shared_attention_logmel_and_inference_sources[tiny_perceptron/multimodal.py-clamp(min=1e-8).log()-clamp(min=1e-4).log()] - AssertionError: assert 'tiny_perceptron/model.py' in {'tiny_perceptron\\__init__.py': 'ce17ebcc47c0ca854b2af44292178e629d2c340356460e6b853eb4e0a876a496', 'tiny_perceptron\...e1dd096a861a79', 'tiny_perceptron\\assets.py': '6e28b3310a84a2aaf59583bce6a0c65ce607695d7a8ba3d3db2e57d5949b7cd3', ...}
2026-10-06T14:38:42.1314105Z FAILED tests/test_selftrained_training_eval.py::test_local_test_resume_only_advances_newest_three_record_lineage - OSError: [Errno 9] Bad file descriptor
2026-10-06T14:38:42.1314619Z ============ 8 failed, 1229 passed, 5 skipped in 149.33s (0:02:29) ============
2026-10-06T14:38:43.2657626Z ##[error]Process completed with exit code 1.
2026-10-06T14:38:43.2787330Z ##[group]Run uv run --extra cpu python - <<'PY'
2026-10-06T14:38:43.2787610Z [36;1muv run --extra cpu python - <<'PY'[0m
2026-10-06T14:38:43.2787772Z [36;1mimport html[0m
2026-10-06T14:38:43.2787886Z [36;1mimport os[0m
2026-10-06T14:38:43.2788013Z [36;1mfrom pathlib import Path[0m
2026-10-06T14:38:43.2788190Z [36;1mimport xml.etree.ElementTree as ET[0m
2026-10-06T14:38:43.2788340Z [36;1m[0m
2026-10-06T14:38:43.2788471Z [36;1mreport = Path("outputs/pytest-results.xml")[0m
2026-10-06T14:38:43.2788659Z [36;1mlines = ["## Test failure details", ""][0m
2026-10-06T14:38:43.2788827Z [36;1mif not report.is_file():[0m
2026-10-06T14:38:43.2789129Z [36;1m    lines.append("No JUnit report was written. The original failing step and exit code remain authoritative.")[0m
2026-10-06T14:38:43.2789419Z [36;1melse:[0m
2026-10-06T14:38:43.2789567Z [36;1m    for case in ET.parse(report).iter("testcase"):[0m
2026-10-06T14:38:43.2789787Z [36;1m        failure = case.find("failure")[0m
2026-10-06T14:38:43.2789946Z [36;1m        if failure is None:[0m
2026-10-06T14:38:43.2790098Z [36;1m            failure = case.find("error")[0m
2026-10-06T14:38:43.2790256Z [36;1m        if failure is None:[0m
2026-10-06T14:38:43.2790395Z [36;1m            continue[0m
2026-10-06T14:38:43.2790583Z [36;1m        name = case.get("classname", "") + "::" + case.get("name", "")[0m
2026-10-06T14:38:43.2790784Z [36;1m        lines.extend([[0m
2026-10-06T14:38:43.2791142Z [36;1m            "<details><summary>" + html.escape(name) + "</summary>",[0m
2026-10-06T14:38:43.2791425Z [36;1m            "<pre>" + html.escape(failure.text or failure.get("message", "")) + "</pre>",[0m
2026-10-06T14:38:43.2791660Z [36;1m            "</details>",[0m
2026-10-06T14:38:43.2791796Z [36;1m            "",[0m
2026-10-06T14:38:43.2791915Z [36;1m        ])[0m
2026-10-06T14:38:43.2792121Z [36;1mwith Path(os.environ["GITHUB_STEP_SUMMARY"]).open("a", encoding="utf-8") as stream:[0m
2026-10-06T14:38:43.2792381Z [36;1m    stream.write("\n".join(lines) + "\n")[0m
2026-10-06T14:38:43.2792537Z [36;1mPY[0m
2026-10-06T14:38:43.2802888Z shell: C:\Program Files\Git\bin\bash.EXE --noprofile --norc -e -o pipefail {0}
2026-10-06T14:38:43.2803109Z env:
2026-10-06T14:38:43.2803226Z   PYTHONUTF8: 1
2026-10-06T14:38:43.2803360Z   UV_TOOL_BIN_DIR: D:\a\_temp\uv-tool-bin-dir
2026-10-06T14:38:43.2803527Z   UV_TOOL_DIR: D:\a\_temp\uv-tool-dir
2026-10-06T14:38:43.2803695Z   UV_PYTHON_INSTALL_DIR: D:\a\_temp\uv-python-dir
2026-10-06T14:38:43.2803868Z   UV_CACHE_DIR: D:\a\_temp\setup-uv-cache
2026-10-06T14:38:43.2804018Z ##[endgroup]
2026-10-06T14:38:43.5603249Z Post job cleanup.
2026-10-06T14:38:43.6731836Z [command]"C:\Program Files\Git\bin\git.exe" version
2026-10-06T14:38:43.6939799Z git version 2.55.0.windows.5
2026-10-06T14:38:43.6988867Z Copying 'C:\Users\runneradmin\.gitconfig' to 'D:\a\_temp\ee46adf8-c054-4221-bd56-78cf37a9f687\.gitconfig'
2026-10-06T14:38:43.7005464Z Temporarily overriding HOME='D:\a\_temp\ee46adf8-c054-4221-bd56-78cf37a9f687' before making global git config changes
2026-10-06T14:38:43.7006071Z Adding repository directory to the temporary git global config as a safe directory
2026-10-06T14:38:43.7014898Z [command]"C:\Program Files\Git\bin\git.exe" config --global --add safe.directory D:\a\tiny-perceptron-vlm\tiny-perceptron-vlm
2026-10-06T14:38:43.7257739Z Removing SSH command configuration
2026-10-06T14:38:43.7266460Z [command]"C:\Program Files\Git\bin\git.exe" config --local --name-only --get-regexp core\.sshCommand
2026-10-06T14:38:43.7507719Z [command]"C:\Program Files\Git\bin\git.exe" submodule foreach --recursive "sh -c \"git config --local --name-only --get-regexp 'core\.sshCommand' && git config --local --unset-all 'core.sshCommand' || :\""
2026-10-06T14:38:44.1699237Z Removing HTTP extra header
2026-10-06T14:38:44.1707835Z [command]"C:\Program Files\Git\bin\git.exe" config --local --name-only --get-regexp http\.https\:\/\/github\.com\/\.extraheader
2026-10-06T14:38:44.1956584Z [command]"C:\Program Files\Git\bin\git.exe" submodule foreach --recursive "sh -c \"git config --local --name-only --get-regexp 'http\.https\:\/\/github\.com\/\.extraheader' && git config --local --unset-all 'http.https://github.com/.extraheader' || :\""
2026-10-06T14:38:44.5989569Z Removing includeIf entries pointing to credentials config files
2026-10-06T14:38:44.5999359Z [command]"C:\Program Files\Git\bin\git.exe" config --local --name-only --get-regexp ^includeIf\.gitdir:
2026-10-06T14:38:44.6195455Z includeif.gitdir:D:/a/tiny-perceptron-vlm/tiny-perceptron-vlm/.git.path
2026-10-06T14:38:44.6196005Z includeif.gitdir:D:/a/tiny-perceptron-vlm/tiny-perceptron-vlm/.git/worktrees/*.path
2026-10-06T14:38:44.6196266Z includeif.gitdir:/github/workspace/.git.path
2026-10-06T14:38:44.6196467Z includeif.gitdir:/github/workspace/.git/worktrees/*.path
2026-10-06T14:38:44.6224510Z [command]"C:\Program Files\Git\bin\git.exe" config --local --get-all includeif.gitdir:D:/a/tiny-perceptron-vlm/tiny-perceptron-vlm/.git.path
2026-10-06T14:38:44.6405196Z D:\a\_temp\git-credentials-6993d2cd-e783-4597-b17c-c632380a7cac.config
2026-10-06T14:38:44.6434630Z [command]"C:\Program Files\Git\bin\git.exe" config --local --unset includeif.gitdir:D:/a/tiny-perceptron-vlm/tiny-perceptron-vlm/.git.path D\:\\a\\_temp\\git\-credentials\-6993d2cd\-e783\-4597\-b17c\-c632380a7cac\.config
2026-10-06T14:38:44.6686641Z [command]"C:\Program Files\Git\bin\git.exe" config --local --get-all includeif.gitdir:D:/a/tiny-perceptron-vlm/tiny-perceptron-vlm/.git/worktrees/*.path
2026-10-06T14:38:44.6882909Z D:\a\_temp\git-credentials-6993d2cd-e783-4597-b17c-c632380a7cac.config
2026-10-06T14:38:44.6914467Z [command]"C:\Program Files\Git\bin\git.exe" config --local --unset includeif.gitdir:D:/a/tiny-perceptron-vlm/tiny-perceptron-vlm/.git/worktrees/*.path D\:\\a\\_temp\\git\-credentials\-6993d2cd\-e783\-4597\-b17c\-c632380a7cac\.config
2026-10-06T14:38:44.7137594Z [command]"C:\Program Files\Git\bin\git.exe" config --local --get-all includeif.gitdir:/github/workspace/.git.path
2026-10-06T14:38:44.7318299Z /github/runner_temp/git-credentials-6993d2cd-e783-4597-b17c-c632380a7cac.config
2026-10-06T14:38:44.7346346Z [command]"C:\Program Files\Git\bin\git.exe" config --local --unset includeif.gitdir:/github/workspace/.git.path \/github\/runner_temp\/git\-credentials\-6993d2cd\-e783\-4597\-b17c\-c632380a7cac\.config
2026-10-06T14:38:44.7554532Z [command]"C:\Program Files\Git\bin\git.exe" config --local --get-all includeif.gitdir:/github/workspace/.git/worktrees/*.path
2026-10-06T14:38:44.7741072Z /github/runner_temp/git-credentials-6993d2cd-e783-4597-b17c-c632380a7cac.config
2026-10-06T14:38:44.7767933Z [command]"C:\Program Files\Git\bin\git.exe" config --local --unset includeif.gitdir:/github/workspace/.git/worktrees/*.path \/github\/runner_temp\/git\-credentials\-6993d2cd\-e783\-4597\-b17c\-c632380a7cac\.config
2026-10-06T14:38:44.7979969Z [command]"C:\Program Files\Git\bin\git.exe" submodule foreach --recursive "git config --local --show-origin --name-only --get-regexp remote.origin.url"
2026-10-06T14:38:45.2097191Z Removing credentials config 'D:\a\_temp\git-credentials-6993d2cd-e783-4597-b17c-c632380a7cac.config'
2026-10-06T14:38:45.2264860Z Cleaning up orphan processes
